,User,Text,Date,Hashtags
0,bapianimesh2011,"@pmo need State wise actual lockdown. partial lockdown is going to lose of time. partial lockdown is going to community spread of covid19. sir say something about it ""jan hai to jahan hai"" it is your opinion",2020-07-19 16:28:39+00:00,
1,Bhaskar05033039,"‡¶™‡¶æ‡¶ó‡¶≤ ‡¶ó‡ßã‡¶ü‡¶æ ‡¶Ü‡¶∞‡¶è‡¶∏‡¶è‡¶∏ ‡¶π‡¶Ø‡¶º‡ßá ‡¶ó‡ßá‡¶õ‡ßá ‡¶ï‡¶æ‡¶∞‡¶£ COVID19 ‡¶ï‡ßá‡¶≤‡ßá‡¶ô‡ßç‡¶ï‡¶æ‡¶∞‡¶ø ‡¶Ü‡¶™‡¶®‡¶æ‡¶∞‡¶æ ‡¶ò‡¶ü‡¶ø‡¶Ø‡¶º‡ßá‡¶õ‡ßá‡¶® unplaned lockdown ‡¶ï‡¶∞‡ßá ‡¶è‡¶ü‡¶æ‡¶∞ ‡¶ú‡¶¨‡¶æ‡¶¨ ‡¶¶‡¶ø‡¶§‡ßá‡¶á ‡¶π‡¶¨‡ßá ‡¶∏‡ßÅ‡¶™‡ßç‡¶∞‡¶ø‡¶Æ ‡¶ï‡ßã‡¶∞‡ßç‡¶ü‡ßá ‡¶Æ‡¶®‡ßá ‡¶•‡¶æ‡¶ï‡ßá ‡¶Ø‡ßá‡¶®, ‡¶∏‡¶ô‡ßç‡¶ó‡ßá 21 ‡¶≤‡¶ï‡ßç‡¶∑ ‡¶ï‡ßã‡¶ü‡¶ø‡¶∞ COVID 19 ‡¶è‡¶∞ ‡¶¨‡¶æ‡¶ú‡ßá‡¶ü provision ‡¶ó‡ßÅ‡¶®‡ßá ‡¶ó‡ßÅ‡¶®‡ßá ‡¶¶‡ßá‡¶∂‡ßá‡¶∞ ‡¶≤‡ßã‡¶ï ‡¶¨‡ßÅ‡¶ù‡ßá ‡¶®‡ßá‡¶¨‡ßá..",2020-07-19 15:32:46+00:00,
2,agrodut_mondal,‡¶∏‡¶æ‡¶§ ‡¶¶‡¶ø‡¶®‡ßá‡¶∞ ‡¶ú‡¶®‡ßç‡¶Ø ‡¶¨‡¶æ‡¶∞‡¶æ‡¶∏‡¶§‡ßá ‡¶Ü‡¶Ç‡¶∂‡¶ø‡¶ï ‡¶ì ‡¶∏‡¶Æ‡¶Ø‡¶º‡¶≠‡¶ø‡¶§‡ßç‡¶§‡¶ø‡¶ï ‡¶≤‡¶ï‡¶°‡¶æ‡¶â‡¶®‡ßá‡¶∞ ‡¶∏‡¶ø‡¶¶‡ßç‡¶ß‡¶æ‡¶®‡ßç‡¶§ ‡¶®‡¶ø‡¶≤ ‡¶™‡ßÅ‡¶∞‡¶∏‡¶≠‡¶æ‡•§ https://bit.ly/2OBvVqn #COVID19 #LockDown #North24paraganas #Barasat #Madhyamgram,2020-07-19 15:18:10+00:00,#COVID19 #LockDown #North24paraganas #Barasat #Madhyamgram
3,upama20AISA,The lockdown hasnt been able to flatten #COVID19 curve. But the govt has attempted to flatten the backs of its critics by abusing the lockdown. #ReleaseOurDrKafeel,2020-07-19 14:14:32+00:00,#COVID19 #ReleaseOurDrKafeel
4,mookherjeearnab,The lockdown hasnt been able to flatten #COVID19 curve. But the govt has attempted to flatten the backs of its critics by abusing the lockdown. #ReleaseOurDrKafeel,2020-07-19 14:09:59+00:00,#COVID19 #ReleaseOurDrKafeel
5,CPIM_WESTBENGAL,Nightmare called West Bengal In the 100 + days since #lockdown began govt has been incapable of constructing new electric furnaces to dispose dead bodies of #COVID19 patients. As a result dead bodies are mounding in hospitals. Where is the administration? +Thread,2020-07-19 05:30:00+00:00,#lockdown #COVID19
6,debarunindia,@CMofKarnataka please consult and appoint expert to handle covid19 situation in Bangalore and karnataka. Your adminstration has to be strict and robust with offenders. Lockdown is not a solution..... follow successful modules from other states. Good luck.....,2020-07-19 04:09:51+00:00,
7,garima_BARASIA,"Thank You @British_Airways for nice 1st air travel experience post #COVID19 lockdown Heathrow T5 - well organised, all time assistance, Hassel free check-in &amp; boarding and best possible precautions taken for everyone's safety Flight right on time &amp; enjoyed in-flight services",2020-07-18 20:16:42+00:00,#COVID19
8,RanjanSinha_,When such super innovation are inspired from #lockdown ... will #supportstaffs become extinct post #covid19 ? #LOCKDOWNDIARIES,2020-07-18 16:46:34+00:00,#lockdown #supportstaffs #covid19 #LOCKDOWNDIARIES
9,SumitRDas,We are in the #ContainmentZones but hardly you find any differences with other zones apart from few barricades. Huge Gatherings in Chai ki Tapri Transport services remains same. Shops are open. #LOCKDOWN is a Joke. Moral : Kolkata becomes the new epicentre of #Covid19. ,2020-07-18 15:31:34+00:00,#ContainmentZones #LOCKDOWN #Covid19
10,rudrosray,#UPDATE State Government Has No Future Plans for Total Lockdown in State. Only The Broad Based Containment Zones method will follow unless we see a sudden deterioration in #COVID19 cases : Chief Secretary Rajib Sinha in today's Press Conference #WestBengal #BengalFightsCorona,2020-07-18 10:41:14+00:00,#UPDATE #COVID19 #WestBengal #BengalFightsCorona
11,abhirupbhadra11,"The recovery rate of #India on 17th July was 63.33% and now on 18th July, it has decreased to 62.94%. Active caseload of more than 3.54 lakh #COVID19 cases are breaking down our healthcare system. Immediate non-clinical interventions like LOCKDOWN is needed. @PMOIndia @HMOIndia",2020-07-18 10:13:18+00:00,#India #COVID19
12,devroker7209,This video is of 12 th April2020 ..When strict lockdown was imposed and she could not get an ambulance on time .The child indeed died sadly (R. I.P) but not due to Covid19 ( he was ill since two days )...Be very cautious before circulating or believing any news #CoronaKumar #ipl,2020-07-18 08:10:24+00:00,#CoronaKumar #ipl
13,innofied,"""COVID-19 has led our lives to a standstill. However, it has anyway increased the utlization of on-demand delivery business. Check out how on-demand delivery business are doing in the lockdown period. #ondemandbusiness #covid19 https://bit.ly/2VspidK""",2020-07-18 03:00:00+00:00,#ondemandbusiness #covid19
14,sdeepayan,"To contain the spread of #COVID19, a comprehensive town-wide #lockdown will be in force in #Siliguri Municipal Corporation area for next seven days from tomorrow (Thursday, July 16) 9 am: #WestBengal Govt. https://twitter.com/sdeepayan/status/1283408091350880257",2020-07-15 14:37:44+00:00,#COVID19 #lockdown #Siliguri #WestBengal
15,bhyshake,Howrah station before lockdown.. Mission those memories.. #howrah #Station #BengalFightsCorona #COVID19 #photography #bnwphotography #StayHomeStaySafe #StaySafe #Kolkata ‚Äì at Kolkata,2020-07-14 21:58:26+00:00,#howrah #Station #BengalFightsCorona #COVID19 #photography #bnwphotography #StayHomeStaySafe #StaySafe #Kolkata
16,SantraOindrila,#coming #instagram #lockdown #musicvideo #coviÃád19 #storytelling #checkout #watchitnow #watchit #insta #love #music #fighting #run #begins #letsgo #actorslife #rider #galaxy #kolkatabuzz #india #indiafightscorona‚Ä¶ https://www.instagram.com/p/CClZ_oWgFrE/?igshid=fmnqms7vh8n2,2020-07-13 13:47:21+00:00,#coming #instagram #lockdown #musicvideo #covi #storytelling #checkout #watchitnow #watchit #insta #love #music #fighting #run #begins #letsgo #actorslife #rider #galaxy #kolkatabuzz #india #indiafightscorona
17,HarshDu19502909,"Respected Mamata banerjee maam, CM West Bengal As a citizen of west bengal its a request to you please lockdown the whole westbengal for 7 days to control the covid19 cases, making some areas will not work maam. Please see @MamataOfficial",2020-07-12 14:17:45+00:00,
18,Arsalankhalid02,We demand to the @HRDMinistry today: 1. No Examinations during #COVID19 . Only internal assessment based mark sheet for students 2. No fees in any educational institutions during this lockdown time as parents are facing financial trouble. #SpeakUpForStudents,2020-07-10 05:28:06+00:00,#COVID19 #SpeakUpForStudents
19,muskaraji,#Corona #CoronaVirus #CoronaVirusPandemic #covid19 #Pandemic #Lockdown #Unlockdown #StaySafe #StaySafeStayHome,2020-07-10 00:48:52+00:00,#Corona #CoronaVirus #CoronaVirusPandemic #covid19 #Pandemic #Lockdown #Unlockdown #StaySafe #StaySafeStayHome
20,prerna_dhall,Proud of team @Nav_Manjari. Served 7500+ meals with tribals and villagers who are suffering because of loss of income and livelihood due to #lockdown amid #covid19 crisis and #amphancyclone.,2020-07-09 15:46:32+00:00,#lockdown #covid19 #amphancyclone
21,iamwashim1,Lockdown begins from today #StayHomeStaySafe #COVID19APHELP #COVID19 #kolkatamodel #handsomeboyofkolkata #washimakram,2020-07-09 14:09:27+00:00,#StayHomeStaySafe #COVID19APHELP #COVID19 #kolkatamodel #handsomeboyofkolkata #washimakram
22,rohitnyss,The police arrived and shut down the street. Lockdown already under implementation. No more work for the next 7 days at least. #lockdown #covid19 #kolkata #westbengal @http://TinyTown.in https://www.instagram.com/p/CCasMYMJxlg/?igshid=5evjnjq7ex3r,2020-07-09 09:54:44+00:00,#lockdown #covid19 #kolkata #westbengal
23,lehalhomes,Kolkata is going on a complete lockdown from 9th July 5pm.. It is advisable to all the people to follow Government and WHO guidelines. #staysafe #lehalcarehome #carehomes #kolkata #westbengal #lockdown #india #covid19 #coronavirus #positivity #SocialDistancing #calcutta #howrah,2020-07-09 07:03:51+00:00,#staysafe #lehalcarehome #carehomes #kolkata #westbengal #lockdown #india #covid19 #coronavirus #positivity #SocialDistancing #calcutta #howrah
24,ShadowPhotogra7,"Walking Safely. . Put on mask , maintain social distancing and try to stay inside home. . #kolkata #lockdown #COVID19 ",2020-07-08 16:29:04+00:00,#kolkata #lockdown #COVID19
25,guha_kreesh,"Had there been no lockdowns, India by now would have topped the list of COVID19 affected countries, rather India should have continued the lockdown without any leniency to check the surge ",2020-07-08 02:27:58+00:00,
26,TanayaS2,The New Normal.. miltonsandip . . . #newnormal #covid19 #lockdown #husbandandwife #postoftheday #protectyourself #potd #fotd #instagram #instagirl #instagood #goodvibes #instapost #instapicture #instasmile‚Ä¶ https://www.instagram.com/p/CCVtCqjHsAe/?igshid=sss5agct0n96,2020-07-07 11:25:56+00:00,#newnormal #covid19 #lockdown #husbandandwife #postoftheday #protectyourself #potd #fotd #instagram #instagirl #instagood #goodvibes #instapost #instapicture #instasmile
27,AKhamroi,Kindly consider a strict two week lockdown in Kolkata and Bidhannagar area to put a break on Covid19 explosion and not to overwhelm medical facilities . Please @MamataOfficial,2020-07-06 04:54:37+00:00,
28,SrimantiG,Every BJP karyakarta have set a supreme example of the basic services to humanity during the lockdown due to covid19. #SevaHiSangthan,2020-07-04 10:43:23+00:00,#SevaHiSangthan
29,Arsalankhalid02,"Dear PM, We are in a lot of distress. COVID19, failed lockdown, shattered economy, fuel price hike, Chinese intrusion.. the list is long. Isn‚Äôt this time to get to work instead of trying to manage perceptions by giving Bhasans? #StopBhaashanTakeAction CC - @narendramodi",2020-06-30 11:02:45+00:00,#StopBhaashanTakeAction
30,Vsayontan,‡¶§‡¶æ‡¶≤‡¶æ‡¶¨‡¶®‡ßç‡¶¶‡¶ø ‡¶ñ‡ßá‡¶≤‡¶æ #lockdown #covid19 #pandemic #pandemic2020 #blackandwhitephotography #picoftheday #pictureoftheday #amateurphotography #amateurphotographer #india #kolkatadiaries #kolkata #covidiaries #blackandwhite‚Ä¶ https://www.instagram.com/p/CCC9GMBl4iq/?igshid=90edvu9z421x,2020-06-30 04:40:39+00:00,#lockdown #covid19 #pandemic #pandemic2020 #blackandwhitephotography #picoftheday #pictureoftheday #amateurphotography #amateurphotographer #india #kolkatadiaries #kolkata #covidiaries #blackandwhite
31,arun732003,"Asian Journal of Medical Sciences Vol 11 No 4 is now published, we invite readers to go through the contents https://www.nepjol.info/index.php/AJMS/issue/view/1955 #asianjournalofmedicalsciences #COVID19 #issue #Online #publication #doaj #Academia #academics #research #probiotics #respiratory #lockdown",2020-06-29 15:39:01+00:00,#asianjournalofmedicalsciences #COVID19 #issue #Online #publication #doaj #Academia #academics #research #probiotics #respiratory #lockdown
32,joyphukan,"@TheVikasKhanna , celebrity Michelin Star Chef feeds 17 million poor Indians in the last three months during lockdown, all remotely managed from New York. Amazing work from an amazing person. #NewYork #COVID19 #COVID19India #lockdown #USA #India",2020-06-27 19:53:04+00:00,#NewYork #COVID19 #COVID19India #lockdown #USA #India
33,mamoonraman678,"During prolong three months lockdown due to infectious Covid19, we r compelled to stay back home. Many of us took proteins and vitamins timely regularly to develop immunity power but not enough of work out to burn extra calories, as a result gained weight but lost jobs.",2020-06-27 19:10:04+00:00,
34,hbk_srk,W. B. lockdown extended till 31st July. There is no meaning of lockdown only train service and educational institution r closed all other things are normal. Common people r suffering due to this decision. Either unlock everything or have a proper lockdown. @IamSumanDe #COVID19,2020-06-24 18:08:17+00:00,#COVID19
35,Santanurc1958,"While the entire Nation is going towards Unlock-1, West Bengal CM Mamata Banerjee extends lockdown till 31st July. Mamata Banerjee is a complete failure to control #COVID19 situation in West Bengal.",2020-06-24 18:08:13+00:00,#COVID19
36,mamoonraman678,"Lockdown for months is not solution for civilians. How they can combat when they die of hunger , scarcity &amp; from Covid19 attack. Don't forget , vaccine is very important for civilians today",2020-06-20 10:10:26+00:00,
37,GOWEL_Official,‚ÄúEverything comes to you at the right time. Be patient.‚Äù Be Happy #space #yourself #failure #success #setbacks #comeback #positivevibes #opensoon #corona #covid19 #bounceback #lockdown #gowel #scooter #electricscooter #electricvehicles #makeinindia #aarogyasetuaap,2020-06-16 05:12:40+00:00,#space #yourself #failure #success #setbacks #comeback #positivevibes #opensoon #corona #covid19 #bounceback #lockdown #gowel #scooter #electricscooter #electricvehicles #makeinindia #aarogyasetuaap
38,lehalhomes,"@WHO Today is World Elder Abuse Awareness Day. Violence against older people, who are already bearing the brunt of this pandemic, has risen sharply since the beginning of the #COVID19 pandemic and imposition of lockdown measures. #lehalcarehome #who #carehome #elderabuse",2020-06-15 07:05:16+00:00,#COVID19 #lehalcarehome #who #carehome #elderabuse
39,SujoyBasuLive,#StaySafe #covid19 #Covid19India #CoronaOutbreak #CoronavirusPandemic #coronavirus #CoronavirusLockdown #lockdown ,2020-06-14 06:03:11+00:00,#StaySafe #covid19 #Covid19India #CoronaOutbreak #CoronavirusPandemic #coronavirus #CoronavirusLockdown #lockdown
40,PrinceShihab92,Infection is on the rise in the United States; Protest-lockdown is the reason for relaxation? #America #LockdownEnd #COVID19 #StayAlert @IvankaTrump,2020-06-13 03:34:20+00:00,#America #LockdownEnd #COVID19 #StayAlert
41,actresspaul,#I_AM_BACK Shoot for #kopalkundola post #Covid19 lockdown. Shooting is on with % precaution. Thanks @iamrajchoco @StarJalsha_ @DisneyPlusHS @RCEpvt,2020-06-12 09:27:26+00:00,#I_AM_BACK #kopalkundola #Covid19
42,angshchak1,"Punjab CM Amarinder Singh orders stricter #coroanvirus #COVID19 lockdown on weekends, public holiday ",2020-06-12 04:20:51+00:00,#coroanvirus #COVID19
43,APURBAROYCHOWDH,"When lockdown imposed in India ,the daily infection from covid19 was 200.But when lockdown is eased in various parts of India to re-start economic activities,day-to-day infections have climbed to 10,000.India could possibly become no.1 country in infections &amp; deaths from covid19.",2020-06-11 06:19:32+00:00,
44,arpitlohia,Baby boom during #COVID19 #lockdown ,2020-06-10 14:00:37+00:00,#COVID19 #lockdown
45,stopthestart,"Here is my entry team. In future lockdown time, I will this kind of activities at our area for poor people. #StayFit #StayPositive #StayAtHome #staysafe #StayHealthy #IIoT #Alexa #Future #tip #twittercompetition #mondaythoughts #COVID19 @BevyWise @Manab_m3 @esha_112 @Im_Monjil",2020-06-09 12:06:29+00:00,#StayFit #StayPositive #StayAtHome #StayAtHome #staysafe #StayHealthy #IIoT #Alexa #Future #tip #twittercompetition #mondaythoughts #COVID19
46,theCanonFanboy,Social distancing being followed in #WestBengal! #lockdown #Unlock1 #socialdistancing #covid19 ,2020-06-09 07:53:22+00:00,#WestBengal #lockdown #Unlock1 #socialdistancing #covid19
47,sdeepayan,#COVID19: #WestBengal Govt extends #lockdown in #ContainmentZones (Affected Area) up to June 30. Read the state order https://twitter.com/sdeepayan/status/1269979516224458753,2020-06-08 13:17:02+00:00,#COVID19 #WestBengal #lockdown #ContainmentZones
48,PrinceShihab92,"Rajabazar, Wari lockdown today. #Bangladesh #lockdown #COVID19 #StayHome #StaySafe #SaveLife @IvankaTrump",2020-06-07 17:41:32+00:00,#Bangladesh #lockdown #COVID19 #StayHome #StayHome #StaySafe #SaveLife
49,NATIONALISTNKD,DUE TO SUCCESSFUL LOCKDOWN RAHUL AND CO. HAS BEEN SAVED FROM COVID19.,2020-06-07 09:56:05+00:00,
50,GangulyMusic,Mind!!! A Silent Conversation... Written and recited by Rajdeep Ganguly Music - Rajdeep Ganguly Presented by Rajdeep Ganguly Production #lockdown #diaries #covid19 #project #corona #rajdeepgangulyofficial #recitation #Rajdeep_Ganguly_Production https://youtu.be/0ly5_zAQ4uA,2020-06-07 08:02:16+00:00,#lockdown #diaries #covid19 #project #corona #rajdeepgangulyofficial #recitation #Rajdeep_Ganguly_Production
51,NKAgarwal1234," India is the only country in the world where Covid19 cases increased rapidly*AFTER lockdown was imposed and kept on rising when lockdown was http://lifted.In all other countries, it is opposite. Clearly, the GOVT HAS SCREWED up BIG time in the absence of strategy",2020-06-05 16:42:05+00:00,
52,Goodboyafsar,2020 #EID Pic At My New #Home...#Celebrating #Eid At My #Home During #Covid19 And #Lockdown... @Kolkata https://www.instagram.com/p/CBC_PDchl1Y/?igshid=194fv44758pd9,2020-06-05 08:27:57+00:00,#EID #Home #Celebrating #Eid #Home #Covid19 #Lockdown
53,Goodboyafsar,2020 #EID Pic At My New #Home...#Celebrating #Eid At My #Home During #Covid19 And #Lockdown... @Kolkata https://www.instagram.com/p/CBC_JwXB72J/?igshid=yz8dghzdemch,2020-06-05 08:27:13+00:00,#EID #Home #Celebrating #Eid #Home #Covid19 #Lockdown
54,Goodboyafsar,2020 #EID Pic At My New #Home...#Celebrating #Eid At My #Home During #Covid19 And #Lockdown @Kolkata https://www.instagram.com/p/CBC_D_nBnN5/?igshid=1hmtorjvahb8z,2020-06-05 08:26:27+00:00,#EID #Home #Celebrating #Eid #Home #Covid19 #Lockdown
55,dhriti_man,"#covid19 and #lockdown @Salt Lake City, West Bengal, India https://www.instagram.com/p/CBCIrOrsqf4/?igshid=feqaip87mrf2",2020-06-05 00:31:12+00:00,#covid19 #lockdown
56,Monojitk654,#WeShallOvercome #IndiaFightsCorona #India #Sharpshooter #shooting #shooter #JKSAchamps #lockdown #Covid19 ,2020-06-04 19:00:41+00:00,#WeShallOvercome #IndiaFightsCorona #India #Sharpshooter #shooting #shooter #JKSAchamps #lockdown #Covid19
57,d_moinak,Can @RahulGandhi please point out a country where the economy hasn't been destroyed owing to the #Covid19 lockdown ? All he keeps doing is pointing at what's wrong but has he provided an alternate solution to these problems ? NO. A discussion with experts isn't enough.,2020-06-04 06:30:06+00:00,#Covid19
58,sudipto1984,Unlock 1.0 Let the beast run free and devour much more.... Cant believe that we are failing like this ... We need to stand back..... We cant give up like this.... Our people are our strength..... We need stringent lockdown to break the chain once for all.. #COVID19 #india,2020-06-02 18:40:26+00:00,#COVID19 #india
59,tanoyofficial,"@MamataOfficial @wbdhfw To,Honourable Chief Minister Mamta Bannerjee State of Westbengal Respected Mam, I stay in a rented room near Baishnab ghata patuli. By profession I‚Äôm an actor and because of COVID19 and lockdown period I had no work. So I couldn‚Äôt pay my room rent , now",2020-06-01 10:58:48+00:00,
60,BharatHindu_,What can you except from people who think the purpose of lockdown was to have 0 COVID19 cases,2020-06-01 10:12:18+00:00,
61,Bhartendulkar,How a botched up lockdown and mediocre testing has put India in danger. https://youtu.be/10bFvZCxjZU #COVID19 #Coronavirus #Lockdown #Trump #USA #America #Modi #India #Taiwan #TaiwanCanHelp #Stayhomestaysafe,2020-06-01 09:16:58+00:00,#COVID19 #Coronavirus #Lockdown #Trump #USA #America #Modi #India #Taiwan #TaiwanCanHelp #Stayhomestaysafe
62,sayan_dey,"Truth be told, I can see a bit of helplessness and haplessness going into the so-called Lockdown 5.0 from the current one. We did start good but a complete lack of coordination between the Centre and the various states has let us down in a big way. #India #lockdownindia #COVID19",2020-05-31 16:01:05+00:00,#India #lockdownindia #COVID19
63,Arsalankhalid02,Government of West Bengal extends lockdown till June 15 with further relaxation and conditions. #COVID19Lockdown #Lockdown5,2020-05-30 14:28:16+00:00,#COVID19Lockdown #Lockdown5
64,manialmal,"@IndiGo6E Holding 4 vouchers. Flights were not operating due to lockdown And except emergencies, no scope of travel until normalcy. Looking in to global Covid19 scenario, better extend validity open till December20/March 21. @MoCA_GoI @HardeepSPuri",2020-05-30 07:02:17+00:00,
65,mondal_surajit,"In the City Sessions Court, Calcutta since lockdown no online hearings of urgent matters have been done due to technical glitches, for that susceptible UTPs have #NoAccessToJustice, amidst the outbreak of #Covid19. #TarikhPeTarikh #ViolationOfFundamentalRights #JusticeForUTPs",2020-05-30 03:35:16+00:00,#NoAccessToJustice #Covid19 #TarikhPeTarikh #ViolationOfFundamentalRights #JusticeForUTPs
66,_Being_unique,Swagat kiye the iss lockdown ka CLAPPING se Abhi bachna chahate hai iss lockdown se swab test se #Covid_19india #COVID19India #COVID19Lockdown #lockdownextension #lockdownindia,2020-05-29 18:40:16+00:00,#Covid_19india #COVID19India #COVID19Lockdown #lockdownextension #lockdownindia
67,SrimantiG,"A country like India with 1.3 billion people & high density population in cities & villages, avoided large scale community spread of covid19 by observing lockdown &amp; following the pandemic rules.#IndiaUnitedAgainstCovid",2020-05-28 12:12:28+00:00,#IndiaUnitedAgainstCovid
68,iam_santanu,#Lockdown #covid19 ‚Ä¢ ‚Ä¢ ‚Ä¢ #photography #photo #photos #toptags #photographyeveryday #ig_shutterbugs #photographer #photographysouls #visualsoflife #photoart #ilovephotography #photographyislife #photographyislifee‚Ä¶ https://www.instagram.com/p/CAuBag8JOwW/?igshid=1t8rwosmmc1t6,2020-05-28 05:02:56+00:00,#Lockdown #covid19 #photography #photo #photos #toptags #photographyeveryday #ig_shutterbugs #photographer #photographysouls #visualsoflife #photoart #ilovephotography #photographyislife #photographyislifee
69,EnthusiastKH_7,"@Airtel_Presence @airtelindia when can I expect broadband services to be restored?With every passing day, you extend the time of restoration by a day,requesting you to please restore services by EOD,so that I can resume working from home amidst #Covid19lockdown phase. ",2020-05-26 11:44:54+00:00,#Covid19lockdown
70,piyamamtiyas,#‡¶∂‡ßá‡¶Ø‡¶º‡¶æ‡¶≤_‡¶™‡¶®‡ßç‡¶°‡¶ø‡¶§‡¶æ‡¶á‡¶®‡ßç /#‡¶∂‡ßá‡¶Ø‡¶º‡¶æ‡¶≤_‡¶™‡¶®‡ßç‡¶°‡¶ø‡¶§‡¶æ‡¶®‡ßÄ #sundayvibes #lockdown #COVID #Corona #COVID„Éº19 #COVID19 #CoronaUpdate #QuarantineLife #SelfIsolation #SocialDistancing #StayAtHomeSaveLives #selfie #glasses #ProtectionAgainstCorona #QuarantineDiaries ‚Äì at Godrej Prakriti,2020-05-24 14:13:36+00:00,#sundayvibes #lockdown #COVID #Corona #COVID #COVID19 #CoronaUpdate #QuarantineLife #SelfIsolation #SocialDistancing #StayAtHomeSaveLives #StayAtHomeSaveLives #selfie #glasses #ProtectionAgainstCorona #QuarantineDiaries
71,chhuti_is,#Lockdown in India is a complete failure to restrict #Covid19. #TumSeNaHoPayegaModi #MigrantWorkers,2020-05-24 08:26:40+00:00,#Lockdown #Covid19 #TumSeNaHoPayegaModi #MigrantWorkers
72,Sudha43043353," for HCP team. Same for those miscreants (?) shown in video as no cyclonic storm, COVID19, lockdown, administrative legislation could stop them for continuing public nuisances by alcohol drinking, urination, smoking, slang chatting in open place when it's during 9-11.45pm ",2020-05-23 20:58:58+00:00,
73,manialmal,"It was expected from day Modi started meeting with CM on Covid19. It would have shown collective national issue had he took all CMs in confidence, did preparedness before announcing lockdown. But Modi prefer gimmick of 8pm sudden announcements,as marketing. Let masses suffer.",2020-05-21 08:34:55+00:00,
74,DebjitDSpeaks,2020: Viral Pandemic Forest fire Earthquake Proximity Asteroids Economic Crisis Super Cyclone. Anything is left?? #AmphanCyclone #prayforwestbengal #COVID19Lockdown #AmphanSuperCyclone #COVID19Pandemic,2020-05-21 05:12:54+00:00,#AmphanCyclone #prayforwestbengal #COVID19Lockdown #AmphanSuperCyclone #COVID19Pandemic
75,tnec_IN,#VIRAL | Man feeds stray dogs in the streets of Calcutta post Cyclone. Via: Arijit Mukherjee #cycloneamphan #cyclone #india #odhisa #lockdown #covid19 #corona #assam #guwahati #shillong #trending #westbengal‚Ä¶ https://www.instagram.com/p/CAbL0U-HSK6/?igshid=1wlx3upnzmcsz,2020-05-20 21:28:20+00:00,#VIRAL #cycloneamphan #cyclone #india #odhisa #lockdown #covid19 #corona #assam #guwahati #shillong #trending #westbengal
76,Arsalankhalid02,#lockdown guidelines amended. Domestic air travel permitted to facilitate #stranded persons in India. Detailed guidelines for operation of airports and air travel of passengers to be issued by @MoCA_GoI. #COVID19 #IndiaFightsCoronavirus,2020-05-20 16:12:43+00:00,#lockdown #stranded #COVID19 #IndiaFightsCoronavirus
77,iamab77,Her #Teen starts from today ... Happy #Birthday Riddhi ( Diya ) @iriddhi20 #Lockdown #LockdownLife #amphan #amphancyclone #Corona #Covid19 @Kolkata https://www.instagram.com/p/CAadQM6plfn/?igshid=15uulexjbphv0,2020-05-20 14:41:24+00:00,#Teen #Birthday #Lockdown #LockdownLife #amphan #amphancyclone #Corona #Covid19
78,jayantashaw,Bhojon Karmakar and his 5 months old pregnant wife soma Karmakar waits outside the Esplanade Bus depo. Thanks to Nabanna after informing police to help them for sending them at their village Joydeb Birbhum #Coronavirus #lockdown #India #Kolkata #covid19 #migrant,2020-05-19 04:06:41+00:00,#Coronavirus #lockdown #India #Kolkata #covid19 #migrant
79,zahiruddinfire,Dear Ma‚Äôam @MamataOfficial Our hon‚Äôble &amp; beloved CM of West Bengal. Please give some relief in CESC ELECTRICITY BILLS during this lockdown. @AITCofficial #COVID19 #coronarelief #lockdownrelaxation,2020-05-19 02:56:20+00:00,#COVID19 #coronarelief #lockdownrelaxation
80,akd182,Locking citizen >65 yrs old under 4th. lockdown is highly unjustified and amounts to infringement to fundamental right to living. Is it Covid19 spares citizen&lt;65 yrs. Every body must take mandatory precaution till vaccine is invented. T #Lockdown4point0 @PMOIndia,2020-05-18 20:20:52+00:00,#Lockdown4point0
81,Sangeeta27Ghosh,My neighbor is found Covid-19 positive. I am fucking scared. I've lost my appetite. I can't sleep. I don't wanna die. The community spread is happening. It is about survival. Do not break this lockdown no matter what happens. Take it seriously. #COVID19 #lockdownindia,2020-05-18 15:23:36+00:00,#COVID19 #lockdownindia
82,Mohamma96635080,#Assalamwalekum #Allworld #westbangal #COVID19Lockdown last #updated 16#may,2020-05-17 17:42:47+00:00,#Assalamwalekum #Allworld #westbangal #COVID19Lockdown #updated
83,jayantashaw,"Mithun a ten years old migrant labour waits with other members from same village in front of Burrabazar , who came from secunderabad way to Bhagalpur Bihar. Photo by Jayanta Shaw #Coronavirus #lockdown #India #Kolkata #covid19 #migrant #labour #lockdown2020 #Eisamay #India",2020-05-17 01:10:17+00:00,#Coronavirus #lockdown #India #Kolkata #covid19 #migrant #labour #lockdown2020 #Eisamay #India
84,KitchenRaziya,"It appears that governments are acting first and thinking later. They did absolutely premature lockdown, out of there excitement to show how bold decisions they can take. The labour crisis didn't occur it has been begotten by the mis management. #Shame #COVID19 #MigrantLabourer",2020-05-16 04:41:37+00:00,#Shame #COVID19 #MigrantLabourer
85,KitchenRaziya,"It appears that government is acting first and thinking later. They did absolutely premature lockdown, out of there excitement to show how bold decisions they can take. The labour crisis didn't occur it has been begotten by the mis management. #Shame #COVID19 #MigrantLabourers",2020-05-16 04:25:19+00:00,#Shame #COVID19 #MigrantLabourers
86,AcQEb,"I request al Indian Muslims not to purchase clothes, shoes, jewelry etc on #Eid2020. Don't cum out in Public &amp; don't rush in Market. Plz follow #Lockdown completely, assist govt. in fighting #COVID19. Rem‚Äôber Eid vl cum Next Year. But if life lost, it will never come again.",2020-05-15 22:58:13+00:00,#Eid2020 #Lockdown #COVID19
87,Ra_Avishek,"My own take on the #Covid_19 and #Lockdown situation - #CoronavirusOutbreak did not break the system, it merely exposed a system which has long been broken. #LockdownDiaries #Opinion #IndiaFightsCorona #lockdownindia #COVID19",2020-05-15 15:30:53+00:00,#Covid_19 #Lockdown #CoronavirusOutbreak #LockdownDiaries #Opinion #IndiaFightsCorona #lockdownindia #COVID19
88,luvs2lvlife,These lockdown &amp;Covid19 taught us to be more specific about look before you step. ‚Äì at Golpark,2020-05-15 11:20:26+00:00,
89,sougata_journal,"@PIBHomeAffairs Centre allows hiring of special buses by States/UTs to ferry passengers arriving at railway stations, in view of restrictions of public/private transport during #lockdown. #COVID19 #ShramikSpecial",2020-05-15 04:58:30+00:00,#lockdown #COVID19 #ShramikSpecial
90,IVC_official,#eventmanagement #eventindustry #eventservices #ivcevents #covid19 #lockdown #economyslowdown #miceindustry #travelindustry #aviationindustry #corporateevents @abirbanerjee197 @pdpiyalidutta @AshimaG00140448 @IshaBaid92 https://inc42.com/resources/the-impact-of-covid-19-on-the-events-industry/ http://www.innervoyageindia.biz,2020-05-14 09:36:23+00:00,#eventmanagement #eventindustry #eventservices #ivcevents #covid19 #lockdown #economyslowdown #miceindustry #travelindustry #aviationindustry #corporateevents
91,AkhtarA42650746,"Cases of covid19 going up fast in spite of 50+days lockdown shutting every thing, schools, offices, factories, roads, rails, air n all.Why it couldn't be slowed down n increasing? It's just bcz of migrant workers problem things r getting worse.Let's see how wel govt deal it now?",2020-05-14 08:19:49+00:00,
92,SrimantiG,A long story & deeper conspiracy against Hindus by the peacefuls.Despite of the covid19 induced lockdown the govt can't stop this unrest.Appeasement politics at its height.Hindus are being driven out of their homes.This shocking situation doesn't even hav a headline in newz. ,2020-05-14 06:42:37+00:00,
93,mysizzlingpies,I am not a person to share lunch platters or not even thought that I will. I had my own reasons. Pre ‚Äì lockdown life in this Covid19 era was different. The schedule of our lives on the weekdays tended more to devour‚Ä¶ https://www.instagram.com/p/CAIZ13rFnqX/?igshid=1ms3slauk55s7,2020-05-13 14:25:15+00:00,
94,rnbose,"WHAT ABOUT THE LOCKDOWN, TACKLING COVID19 et al? ",2020-05-13 12:51:27+00:00,
95,qohindustan,PM Modi ‡§®‡•á ‡§ï‡§≤ ‡§ê‡§≤‡§æ‡§® ‡§ï‡§∞ ‡§¶‡§ø‡§Ø‡§æ ‡§ï‡§ø ‡§≤‡•â‡§ï‡§°‡§æ‡§â‡§® 17 ‡§Æ‡§à ‡§ï‡•á ‡§¨‡§æ‡§¶ ‡§≠‡•Ä ‡§ö‡§≤‡§§‡§æ ‡§∞‡§π‡•á‡§ó‡§æ. ‡§π‡§æ‡§≤‡§æ‡§Ç‡§ï‡§ø ‡§™‡•Ä‡§è‡§Æ ‡§®‡•á ‡§ï‡§π‡§æ ‡§ï‡§ø LOCKDOWN 4.0 ‡§Æ‡•á‡§Ç ‡§®‡§è ‡§®‡§ø‡§Ø‡§Æ ‡§π‡•ã‡§Ç‡§ó‡•á. ‡§Ü‡§™ ‡§¨‡§§‡§æ‡§è‡§Ç- Lockdown 4.0 ‡§ï‡•à‡§∏‡§æ ‡§π‡•ã? #lockdown #lockdown4 #LockdownLife #Corona #Covid19 #CoronaVirus #news #PMModi #NarendraModi #BJP #Lockdown4,2020-05-13 10:55:47+00:00,#lockdown #lockdown4 #LockdownLife #Corona #Covid19 #CoronaVirus #news #PMModi #NarendraModi #BJP #Lockdown4
96,ovjeet,"@MamataOfficial @itspcofficial @BanglarShiksha @DidiKeBolo please waive fees of private schools for 3 months, because of #COVID19Lockdown.we can't pay, we are jobless for a long time with no income. ",2020-05-12 17:16:35+00:00,#COVID19Lockdown
97,abhishekmaitraa,DJ's after lockdown! . . . . . . #lockdown #lockdown2020 #india #kolkata #musicproducer #producers #dj #ashkmusic #ableton #flstudio #covid19 #stayhome #staysafe @Kolkata https://www.instagram.com/p/CAE2CQogr_T/?igshid=glbmc9yq0xj0,2020-05-12 05:14:46+00:00,#lockdown #lockdown2020 #india #kolkata #musicproducer #producers #dj #ashkmusic #ableton #flstudio #covid19 #stayhome #stayhome #staysafe
98,mamoonraman678,"Good that special trains started running in few locations in India. Domestic flights from small & big cities must start functioning gradually. Country cannot stay alive with complete lockdown, no business activities &amp; no earnings. We should learn to live amidst Covid19 pandamic.",2020-05-12 04:19:23+00:00,
99,arijitsxc,"I guess ours would be as detailed! @PMOIndia @narendramodi @MamataOfficial @CMOfficeWB #Corona #CoronavirusIndia #CoronaUpdates #LockdownEnd #Covid_19 #COVID„Éº19 #COVID19 ""PM Boris Johnson revealed a 50-page plan for lifting England's lockdown"" ",2020-05-11 19:49:39+00:00,#Corona #CoronavirusIndia #CoronaUpdates #LockdownEnd #Covid_19 #COVID #COVID19
100,vastu_tantra,"Adya Strotram chant name of the Divine power for prosperity & happiness, brought by @vastu_tantra for more tap on https://www.vastutanta.org or https://www.facebook.com/110652870418286/posts/168559304627642/ #BorisHasFailed #COVID19 #coronavirus #daterush #earthquake #lockdown #NS10v10 #NewZealand #terremoto #winmetawin",2020-05-11 06:10:51+00:00,#BorisHasFailed #COVID19 #coronavirus #daterush #earthquake #lockdown #NS10v10 #NewZealand #terremoto #winmetawin
101,APURBAROYCHOWDH,80 % of deaths are so far recorded in US & Europe from covid19. 28.50% of deaths from covid19 are registered in the US. This is deeply shocking.Too much outdoor activities during lockdown period have pushed up death &amp; infection rates in these places ,2020-05-11 05:34:09+00:00,
102,APURBAROYCHOWDH,"Removing lockdown without having vaccine for covid19 will be disastrous. There is no pause in deaths &amp; infections from covid 19.They are climbing higher &amp; higher on a weekly basis.We can't stop or contain transmission of covid19, if lockdown is withdrawn. ",2020-05-10 16:00:47+00:00,
103,rjain9038076787,@PMOIndia ‡§∂‡•ç‡§∞‡•Ä @narendramodi ‡§ú‡•Ä ‡§®‡•á #lockdown 1 ‡§≤‡§ó‡§æ‡§§‡•á ‡§µ‡§ï‡•ç‡§§ ‡§ï‡§π‡§æ ‡§•‡§æ üÄºÛûúπ ‡§ú‡•ã ‡§ú‡§π‡§æ‡§Å ‡§π‡•à ‡§µ‡§π‡•Ä‡§Ç ‡§∞‡§π‡•á ‡§Ö‡§ó‡§∞ ‡§á‡§∏ ‡§®‡§ø‡§∞‡•ç‡§¶‡•á‡§∂ ‡§ï‡§æ ‡§™‡§æ‡§≤‡§® ‡§ï‡§ø‡§Ø‡§æ ‡§π‡•ã‡§§‡§æ ‡§§‡•ã #COVID19 ‡§∏‡•á ‡§â‡§§‡•ç‡§™‡•ç‡§™‡§® ‡§∏‡§Æ‡§∏‡•ç‡§Ø‡§æ‡§è‡§Å ‡§ï‡§Æ ‡§π‡•ã‡§§‡•Ä ‡§î‡§∞ ‡§∂‡•ç‡§∞‡§Æ‡§ø‡§ï‡•ã‡§Ç ‡§ï‡•ã ‡§∞‡•ã‡§ú‡§º‡§ó‡§æ‡§∞ ‡§µ ‡§â‡§¶‡•ç‡§Ø‡•ã‡§ó ‡§ß‡§Ç‡§ß‡•ã‡§Ç ‡§™‡§∞ ‡§á‡§§‡§®‡§æ ‡§¨‡•Å‡§∞‡§æ ‡§Ö‡§∏‡§∞ ‡§®‡§π‡•Ä ‡§π‡•ã‡§§‡§æ! ,2020-05-10 12:41:13+00:00,#lockdown #COVID19
104,anandkishorebjp,You are personally responsible for becoming more ethical than the society you grew up in. #FeedTheNeedy #Day43 dinner is #Roti #AalooBarbati #Lockdown #IndiaFightsCorona #Social_Distancing #COVID19 @BJYMinWB @BJP4Bengal,2020-05-09 16:14:12+00:00,#FeedTheNeedy #Day43 #Roti #AalooBarbati #Lockdown #IndiaFightsCorona #Social_Distancing #COVID19
105,acharya_manu,@Sumanspeaking one of my neighbour wants to give a msg that the people of haridevpur kol 41 people are not getting ration due to they are holding old ration cards. Please look into the matter in this lockdown period of COVID19. Requested highlight the issue please,2020-05-09 12:06:36+00:00,
106,acharya_manu,@abpanandatv one of my neighbour wants to give a msg that the people of haridevpur kol 41 people are not getting ration due to they are holding old ration cards. @WestBengalGovt Please look into the matter in this lockdown period of COVID19. Expecting a positive reply,2020-05-09 11:55:42+00:00,
107,SRIPKUMA,"""Dr. Shiva exposed the conspiracy behind covid19 are Mr. Bill Gates, Dr. Fauch, W H O and CDC(chaina)"" friends we are ginepig I wrote just after lockdown.",2020-05-09 11:01:28+00:00,
108,Drshipraphysio,A very relatable issue almost everyone is facing in #lockdown #covid19 Help yourself with tips I have shared in an interview with Brinda Sarkar for #TelegraphIndia #ergonomics #posturecorrection #WorkFromHome,2020-05-08 14:58:24+00:00,#lockdown #covid19 #TelegraphIndia #ergonomics #posturecorrection #WorkFromHome
109,rksukha,"If @RahulGandhi feels #COVID19 is not dangerous, then why does he not advice his CMs of @INCIndia &amp; allies ruled states to lift all #lockdown &amp; allow free movement of men &amp; material? Can't he not understand that any virus is dangerous until there exists a vaccine for it? ",2020-05-08 11:03:44+00:00,#COVID19 #lockdown
110,anandkishorebjp,Alone we can do so little; together we can do so much. .. As #FeedTheNeedy empress's journey is on the way even on it's #Day41st. Today's lunch is #Chawal #Dal #AalooBhindi(Dhedhus). #Lockdown #Covid19 #IndiaAgainstCorona. #Social_Distancing #Bjp4Seva @BJP4Bengal @BJYMinWB,2020-05-07 10:28:36+00:00,#FeedTheNeedy #Day41st #Chawal #Dal #AalooBhindi #Lockdown #Covid19 #IndiaAgainstCorona #Social_Distancing #Bjp4Seva
111,mamoonraman678,"We are terribly shocked. Factories maintenance was not there during lockdown is the reason when reopened.. Moreover , we have seen people lost sense on roads mostly without Covid19 mask . Mask would have impacted less. Situation added salt to our injury.",2020-05-07 05:53:38+00:00,
112,anandkishorebjp,Successfully we completed #FeedTheNeedy #Day40. Today's dinner is #Roti n #AalooSoyabean #Covid19 #Lockdown #Social_Distancing #IndiaAgainstCorona #BJP4Seva @BJP4Bengal @BJYMinWB @KishorBarmanBJP,2020-05-06 16:52:54+00:00,#FeedTheNeedy #Day40 #Roti #AalooSoyabean #Covid19 #Lockdown #Social_Distancing #IndiaAgainstCorona #BJP4Seva
113,ShowAnisha,Public transport will start soon in some part with new guidelines. #COVID19Lockdown #COVID19Quarantine #wecandothis #jaihind,2020-05-06 15:58:41+00:00,#COVID19Lockdown #COVID19Quarantine #wecandothis #jaihind
114,rijstar,I think this is going to be a blessing in disguise.. Please Kolkata Police continue this in future also.. Then and only then we Can maintain the cleanliness of our city. #StayHome #COVID19Lockdown ,2020-05-06 14:14:28+00:00,#StayHome #StayHome #COVID19Lockdown
115,anandkishorebjp,Successfully #FeedTheNeedy has reached on #Day40 th .Today's lunch is #Chawal #Dal #AalooBhindi #Covid19 #Lockdown #Social_Distancing #IndiaAgainstCorona @BJYMinWB @KishorBarmanBJP @bappachatterji @sevakaroon,2020-05-06 10:43:33+00:00,#FeedTheNeedy #Day40 #Chawal #Dal #AalooBhindi #Covid19 #Lockdown #Social_Distancing #IndiaAgainstCorona
116,ApniRoti,"Dear sir, @HemantSorenJMM , we are an NGO distributing free and fresh meal everyday. Since #lockdown we have increased our operation and wish to serve in Jharkhand under your support and guidance. Please help us with the same, thank you #COVID19Lockdown #FeedTheNeedy",2020-05-06 07:28:56+00:00,#lockdown #COVID19Lockdown #FeedTheNeedy
117,APURBAROYCHOWDH,"Mr. Ferguson""s resignation means that ignoring social distancing could cost immeasurably. Those are not yet infected by covid 19 must not even attempt breaking lockdown norms. Social distancing is the only possible course of action to defeat covid19. ",2020-05-06 07:06:27+00:00,
118,iamab77,Baap is back .... #Lockdown #kolkata #dalgonacoffee #dalgonacoffeechallenge #BaapIsBack #Enjoy #stayhomestaysafe #Corona #Covid19 #DrinkBeforeDie #emotions @Kolkata - The City of Love https://www.instagram.com/p/B_0Tz-eJEnh/?igshid=1g66xx5nqvmch,2020-05-05 19:07:46+00:00,#Lockdown #kolkata #dalgonacoffee #dalgonacoffeechallenge #BaapIsBack #Enjoy #stayhomestaysafe #Corona #Covid19 #DrinkBeforeDie #emotions
119,anandkishorebjp,"With your #Faith n #Believe ,Our #FeedTheNeedy is still counting it's day. #Day39 th dinner is #Roti n #AalooChana. #Covid19 #Lockdown #Social_Distancing #bjp4seva @BJYMinWB @BJP4Bengal @KishorBarmanBJP",2020-05-05 18:22:19+00:00,#Faith #Believe #FeedTheNeedy #Day39 #Roti #AalooChana #Covid19 #Lockdown #Social_Distancing #bjp4seva
120,anandkishorebjp,"On the appeal of PM @narendramodi ji, to take responsibility of atleast one #Needy family and feed them. #Day39 th #FeedTheNeedy afternoon meal is #Chawal #Dal #AalooNenuaChana #Covid19 #Social_Distancing #Lockdown ",2020-05-05 12:08:17+00:00,#Needy #Day39 #FeedTheNeedy #Chawal #Dal #AalooNenuaChana #Covid19 #Social_Distancing #Lockdown
121,Dipanwita_royl,I think reduce #COVID19 is a big challenge to them. As we all knew 70% #alcohol can dissolve #coronavirus in 30sec. #COVID„Éº19 #lockdown #StayHome #WorldHandHygieneDay #staysafe #CoronavirusOutbreak #CoronavirusPandemic @gurusikshaedu ‚Äì at Sodepur Station,2020-05-05 10:22:09+00:00,#COVID19 #alcohol #coronavirus #COVID #lockdown #StayHome #StayHome #WorldHandHygieneDay #staysafe #CoronavirusOutbreak #CoronavirusPandemic
122,manialmal,"No matter what Modi Govt with off of Guv does in conflict with CM Mamata on Covid19, fact remains, Bengal - kolkata, best possible managed. Unfortunately, Guv can not Q Modi Govt on mess. why long delay to act, why unplanned sudden lockdown &amp; why allowed PPE exports till March?",2020-05-05 08:58:18+00:00,
123,learnwithrohanb,‡¶Ü‡¶Æ‡¶æ‡¶∞ ‡¶ï‡¶≤‡¶ï‡¶æ‡¶§‡¶æ ‡¶§‡ßã‡¶Æ‡¶æ‡¶Ø‡¶º ‡¶ñ‡ßÅ‡¶Å‡¶ú‡¶¨‡ßã ‡¶Ü‡¶¨‡¶æ‡¶∞ #afterlockdown #stayinside #stayinhome #staysafe #lockdownindia #lockdown #lockdown2020 #covid19 #corona #india #westbengal #bengal #bengalipoetry #kolkata #kolkatabuzz #kolkatagram #kolkataphotography #kolkatadiaries #Collected,2020-05-05 05:09:48+00:00,#afterlockdown #stayinside #stayinhome #staysafe #lockdownindia #lockdown #lockdown2020 #covid19 #corona #india #westbengal #bengal #bengalipoetry #kolkata #kolkatabuzz #kolkatagram #kolkataphotography #kolkatadiaries #Collected
124,aitrixzero,CAA 20200311 Personally I was more worried about the ongoing protests happening all around India than the corona virus outbreak itself. . . . . . #throwback #isolation #covid19 #lockdown #quarantine‚Ä¶ https://www.instagram.com/p/B_xu4G0lqGr/?igshid=16yamx9bnw1c0,2020-05-04 19:06:31+00:00,#throwback #isolation #covid19 #lockdown #quarantine
125,Rajdeepmadeeasy,"I have tried two new things during this lockdown, #AudioBooks and #Minecraft, alas, none seem to provoke my interest. #CoronaVirus #COVID19 #Lockdown",2020-05-04 18:38:28+00:00,#AudioBooks #Minecraft #CoronaVirus #COVID19 #Lockdown
126,mamoonraman678,Regular surveillance in contentment zone is very necessary to stop spread of contagious & fatal covid19. People defying lockdown norms desrve punishment.,2020-05-04 17:21:38+00:00,
127,anandkishorebjp,"Baz nahi manunga , har nahi manunga . #Day38 #FeedTheNeedy night meal is #Roti n #AalooSoyabean #Lockdown #Covid19 #IndiaAgainstCorona #Social_Distancing",2020-05-04 16:54:50+00:00,#Day38 #FeedTheNeedy #Roti #AalooSoyabean #Lockdown #Covid19 #IndiaAgainstCorona #Social_Distancing
128,ntsnitishgupta,West bengal ka link me koi registration nahi ho rahai waha yadi aapke pass vehicle hai tab registration kar sakte hai. EK baar aapko verification kar ke link daale aise hi nahi. #BiharFightsCorona #Covid_19india #lockdown #COVID19 #liqour #wineshops #IndiaFightsCoronavirus #India,2020-05-04 15:21:27+00:00,#BiharFightsCorona #Covid_19india #lockdown #COVID19 #liqour #wineshops #IndiaFightsCoronavirus #India
129,ipaditya,"A temporary quarantine center during a government-imposed nationwide lockdown as a preventive measure against the COVID-19 coronavirus, in Kolkata, India , 03 May, 2020. (Photo by Indranil Aditya/ NurPhoto) #kolkata #covid19 #quarantine #LOCKDOWN2020",2020-05-04 07:46:47+00:00,#kolkata #covid19 #quarantine #LOCKDOWN2020
130,SandipGhose,Answer is graded exit. Repeat @TheEconomist - lockdown lifting is a process not an event. #Lockdown was imposed not with the hope of eradicating #COVID19 but contain community spread while building capacity to fight the #pandemic. We have done well so far and shouldn‚Äôt panic now.,2020-05-04 03:00:54+00:00,#Lockdown #COVID19 #pandemic
131,ntsnitishgupta,"Aap log na majak bana diye hai, phir kota wale student kaise chal gaye jo waha regular study ke rahte the, don't play with public sentiments. #lockdown #NitishKumar #BiharFightsCorona #IndiaFightsCorona #COVID19 #COVID„Éº19 #Aaj_tak",2020-05-03 17:14:32+00:00,#lockdown #NitishKumar #BiharFightsCorona #IndiaFightsCorona #COVID19 #COVID #Aaj_tak
132,R_Sebananda,"@DaveGodes Hi David, I'm at home due to lockdown for covid19 outbreak. Can you please help me for any short time online marketing course. Please help me as I ve learnt that some US Universities helping to learn through management courses. Regards, S. Roy",2020-05-03 11:23:22+00:00,
133,anandkishorebjp,#Day37 #FeedTheNeedy afternoon meal #Chawal #Dal #AalooBhindi #IndiaAgainstCorona #Covid19 #Lockdown #SocialDistancing @BJYMinWB @BJP4Bengal,2020-05-03 11:22:03+00:00,#Day37 #FeedTheNeedy #Chawal #Dal #AalooBhindi #IndiaAgainstCorona #Covid19 #Lockdown #SocialDistancing
134,SrimantiG,"Is ""Nabanna"" under lockdown? Then why the official bulletin on covid19 was not given since 30th April? @BJPMM4Bengal @BJP4Bengal @BJYMinWB @keyakahe @TheUntamedFire @hallabollaks",2020-05-02 14:07:08+00:00,
135,BhumiOrg,Looking to volunteer and support people affected during lockdown? We urgently need Tamil speaking volunteers to support our Covid19 relief for daily wagers and other needy. Join the team: http://www.bhumi.ngo/covid #CoronaWarriors #Volunteer4Relief #feedthedailywager #Bhumi,2020-05-02 13:53:45+00:00,#CoronaWarriors #Volunteer4Relief #feedthedailywager #Bhumi
136,anandkishorebjp,"""Seva Ko Sadeo Tatparya "" Dhup ho ya Barish , Bhojan samay pe pahunchana hamara kartavya hain. Prabhu #Ram ki Ashish se #Day35Th #FeedTheNeedy . Tonight dinner is #Roti n #Nenua #Covid19 #Lockdown #IndiaAgainstCorona #BJP4Seva @KishorBarmanBJP @Amitava_BJP",2020-05-01 17:27:16+00:00,#Ram #Day35Th #FeedTheNeedy #Roti #Nenua #Covid19 #Lockdown #IndiaAgainstCorona #BJP4Seva
137,arpan_aitc," A cloudy evening #COVID19 #CoronaVirusUpdate #LockdownExtended #LockDown #lockdownindia #kolkatagram #kolkataphotography #KolkataRains #kolkatafoodie #mobilephoto #mobileclicks #mobilevideo @Sodepur,‚Ä¶ https://www.instagram.com/p/B_pmrZQgFk0/?igshid=nsbf8hb389vs",2020-05-01 15:23:33+00:00,#COVID19 #CoronaVirusUpdate #LockdownExtended #LockDown #lockdownindia #kolkatagram #kolkataphotography #KolkataRains #kolkatafoodie #mobilephoto #mobileclicks #mobilevideo
138,bhaskarnews4,"#Government of #India extends nationwide #lockdown for two more weeks to prevent spread of #COVID19. Details of what is allowed and not allowed amidst lockdown in Red, Orange and Green Zones given by GoI.",2020-05-01 13:25:00+00:00,#Government #India #lockdown #COVID19
139,anandkishorebjp,#Day34 #FeedTheNeedy night meal. #Roti #AalooParval #Covid19 #IndiaAgainstCorona #BengalAgainstCorona #Lockdown #Social_Distancing,2020-04-30 15:51:15+00:00,#Day34 #FeedTheNeedy #Roti #AalooParval #Covid19 #IndiaAgainstCorona #BengalAgainstCorona #Lockdown #Social_Distancing
140,ononna_s,"What does social media want me to do? Be productive or cut myself some slack? Every time I make up my mind either way, I chance upon a workout/cooking video or a profound quote about how it‚Äôs okay to not workout/cook. #COVID19 #Lockdown #Covid19India",2020-04-30 11:19:39+00:00,#COVID19 #Lockdown #Covid19India
141,RahulKu84567000,@AmitShah @narendramodi @BhallaAjay26 @PMOIndia @HMOIndia @MoHFW_INDIA @DC_Ranchi @jdhankhar1 @HemantSorenJMM .. Please help me.. It's extremely urgent. I need an e-pass..@CPKolkata #COVID19 #lockdown ,2020-04-30 11:06:39+00:00,#COVID19 #lockdown
142,ntsnitishgupta,Please don't unblock him #lockdown #coronavirusinindia #COVID19 #coronavirus,2020-04-30 07:58:53+00:00,#lockdown #coronavirusinindia #COVID19 #coronavirus
143,anandkishorebjp,Thankyou !!! #MHA for allowing stranded Student/Labours/Pilgrims &amp; Tourists to return back to their home. #Lockdown #Covid19 ,2020-04-29 15:45:08+00:00,#MHA #Lockdown #Covid19
144,piyamamtiyas,#ExtendTheLockdown #CoupleGoals #COVID„Éº19 #Covid19India #Covid_19 #coronaupdatesindia #Corona #StayHomeStaySafe #StayHomeSaveLives #StayAtHome #StayHome #COVID19 #husbandandwife #husbandwife #naturelovers #Disney #lockdown #bakhwasnews #Social_Distancing #SocialDistancing ‚Äì at Godrej Prakriti,2020-04-29 13:49:46+00:00,#ExtendTheLockdown #CoupleGoals #COVID #Covid19India #Covid_19 #coronaupdatesindia #Corona #StayHomeStaySafe #StayHomeSaveLives #StayAtHome #StayAtHome #StayHome #StayHome #COVID19 #husbandandwife #husbandwife #naturelovers #Disney #lockdown #bakhwasnews #Social_Distancing #SocialDistancing
145,piyamamtiyas,"Fight against CORONA with literates - KERALA Fight against CORONA with illiterates - TIKIAPARA, WEST BENGAL #StayHome #Corona #CoronaLockdown #Covid_19 #COVID #COVID19 #WestBengal #keralafightsCorona #StaySafe #StayHomeSaveLives #StayHomeStaySafe #lockdown #idiots",2020-04-29 13:25:17+00:00,#StayHome #StayHome #Corona #CoronaLockdown #Covid_19 #COVID #COVID19 #WestBengal #keralafightsCorona #StaySafe #StayHomeSaveLives #StayHomeStaySafe #lockdown #idiots
146,aditya_836,"Cops come under attack in #Howrah after police went to enforce lockdown in a #Covid19 containment zone After Kolkata, Howrah is the worst affected in Bengal ‚Äì at Howrah",2020-04-29 03:23:23+00:00,#Howrah #Covid19
147,imrohitbjp,"WB Police personnel attacked by stone-pelting mob for trying to enforce lockdown in Tikiapara, Howrah. Thanks to Mamata Banerjee‚Äô appeasement politics, her loyal voters are now attacking policemen, even while Bengal faces a tough fight against #Covid19 pandemic. ‚Äì at Howrah Maidan",2020-04-28 17:14:30+00:00,#Covid19
148,ianabil,Can't it be tried ? #COVID19 #lockdown ,2020-04-28 16:57:22+00:00,#COVID19 #lockdown
149,SandipGhose,Very responsive action towards relaxing #lockdown in #UttarPradesh by @myogiadityanath government to restore economic activity and provide work for #DailyWageEarners. Should be emulated by other states. @ChiefSecyUP @PMOIndia #COVID19 #LockdownEnd #CovidUpdates,2020-04-28 16:16:56+00:00,#lockdown #UttarPradesh #DailyWageEarners #COVID19 #LockdownEnd #CovidUpdates
150,Ra_Avishek,Violence broke out in Howrah - a sensitive #COVID19 zone in #WestBengal. #CoronaVirusUpdates #lockdown #LockdownExtended,2020-04-28 16:10:17+00:00,#COVID19 #WestBengal #CoronaVirusUpdates #lockdown #LockdownExtended
151,qohindustan,"#IndiaFightsCorona: #COVID19 India UPDATE: Total Cases - 29974 Active Cases - 22010 Cured/Discharged- 7026 Deaths - 937 Migrated - 1 As on April 28, 2020 till 05:00 PM #COVID #coronavirus #StayHome #lockdown #COVID__19 #coronaupdatesindia",2020-04-28 15:24:32+00:00,#IndiaFightsCorona #COVID19 #COVID #coronavirus #StayHome #StayHome #lockdown #COVID__19 #coronaupdatesindia
152,heritageims_," COMMITMENT The mission of Heritage IMS Hospital is to provide you acute care, even in lockdown. : 74086 02222 from your home #heritageimshospital #stayhome #staysafe #stayhomestaysafe #StayHomeIndia #COVID19 #coronaupdatesinidia #Corona #telemedicineexperts",2020-04-28 12:58:28+00:00,#heritageimshospital #stayhome #stayhome #staysafe #stayhomestaysafe #StayHomeIndia #COVID19 #coronaupdatesinidia #Corona #telemedicineexperts
153,SandipGhose,"But, as @smitaprakash pointed out in the morning micro-containment is also becoming an issue. In Bihar, I believe villagers are resisting return of migrants as in some ‚Äúclean‚Äù districts have now reported cases. https://twitter.com/smitaprakash/status/1254978902469931008?s=21 #lockdown #lockdowneffect #COVID19 https://twitter.com/smitaprakash/status/1254978902469931008",2020-04-28 09:38:17+00:00,#lockdown #lockdowneffect #COVID19
154,chhuti_is,January 30 - first case reported in India. March 11 - WHO declared #COVID19 a pandemic March 11 - Modi &amp; Shah met Scindia to topple Kamalnath government in MP. March 20 - BJP forms Government in MP March 20 - PM declares lockdown Priorities? Always buying MLa &amp; making money. ,2020-04-28 01:39:51+00:00,#COVID19
155,shankha5,"@MahuaMoitra You want to pay attention to this: The #Projected_40_Crore of people likely to plunge below-the-poverty-line as an aftermath of #Lockdown_to_save_Covid19 are not on social media, least of all Twitter! ",2020-04-27 19:28:23+00:00,#Projected_40_Crore #Lockdown_to_save_Covid19
156,bubun_91,"the lockdown for Umar Akmal is going to be 3 years longer... Akmal, right now, pls report all covid/corrupt approaches to stay safe... #COVID19 #UmarAkmal #PCB",2020-04-27 18:28:13+00:00,#COVID19 #UmarAkmal #PCB
157,BishrutenduAdv,"@CMOfficeWB I am frm Medinipur Town,stranded at Baranagar Kol-50 due to #COVID19 lockdown. My ration card (#RKSY II) no-0705703395 of #WBPDS is @my house @Medinipur. I have only a days ration left. How I can collect my ration here to survive my livelihood?@MamataOfficial @wbcmo ‚Äì at 30A Bus Stand",2020-04-26 09:33:53+00:00,#COVID19 #RKSY #WBPDS
158,BishrutenduAdv,"@CMOfficeWB Im frm Medinipur Town,stranded at Baranagar Kol-50 due to #COVID19 lockdown. My ration card (#RKSY II) no-0705703395 of #WBPDS is @my house @Medinipur. I have only a days ration left. Hw I can collect my ration here to survive my livelihood?@MamataOfficial @wbcmo ‚Äì at 30A Bus Stand",2020-04-26 09:30:08+00:00,#COVID19 #RKSY #WBPDS
159,SujoyBasuLive,Over 200000(global) people including 800+ Indian's have died from #COVID19. #NationalMomentOfSilence #RIP. #coronaupdatesindia #Covid_19 #COVID19outbreak #COVID2019india #CoronavirusIndia #CoronaWarriors #lockdown #worldwide @narendramodi @PMOIndia @PIB_India #NarendraModi,2020-04-25 16:59:55+00:00,#COVID19 #NationalMomentOfSilence #RIP #coronaupdatesindia #Covid_19 #COVID19outbreak #COVID2019india #CoronavirusIndia #CoronaWarriors #lockdown #worldwide #NarendraModi
160,APURBAROYCHOWDH,"52,000 + dead out of 925,000+ infections from covid19 in the U S. Are the Americans adhering to lockdown conditon properly? I don't think so. We need to stay away from Americans to save lives &amp; to contain the spread of covid19. US is now the epicentre of covid19 &amp; it is a fact.",2020-04-25 15:43:20+00:00,
161,seshnathu,@hwhcitypolice @dcptraffichpc Appreciate the effort of Police in maintaing the lockdown in Howrah AC market area . Corona warriors are fighting on street . Let's Stay home and save lives #COVID2019india #COVID #COVID19 ,2020-04-25 13:03:28+00:00,#COVID2019india #COVID #COVID19
162,ianabil,"#COVID19 and #NitrogenDioxide : new maps from the ""Copernicus Sentinel-5P Satellite"" shows a significant drop in NO2 levels over #India. Mumbai and Delhi saw drops of around 40-50% compared to the same time last year. Courtesy: @esa #lockdown #IndiaFightsCoronavirus",2020-04-25 07:07:52+00:00,#COVID19 #NitrogenDioxide #India #lockdown #IndiaFightsCoronavirus
163,bapianimesh2011,@bapianimesh2011 Green zone will be converted into red zone if lockdown withdrawn on 3rd may20. So I think government will be taken proper step regarding COVID19,2020-04-24 03:37:34+00:00,
164,kaushikbiswas,Watching Indian #news #media #channels during #COVID19 #Lockdown period can be injurious for one's mental #health &amp; for #hypertension #patients. Take care while you stay at home. A healthy mind and heart is extremely important during this crisis period.,2020-04-23 09:04:16+00:00,#news #media #channels #COVID19 #Lockdown #health #hypertension #patients
165,IamShoumikDas,"We must tread with caution. Any relaxation in the #LockDown shall unleash the virus on millions, if not billions of people. #StayHome #StayHomeStaySafe #CompleteLockDown #IndiaFightsCorona #COVID19 ",2020-04-23 08:53:38+00:00,#LockDown #StayHome #StayHome #StayHomeStaySafe #CompleteLockDown #IndiaFightsCorona #COVID19
166,anshudev7,All essential workers are in same situation. It is advised to screen all the essential services and premises which are running in lockdown. They are equally exposed to #COVID19. Jai hind #healthcare #bankers #cleaningservice . @PMOIndia @MoHFW_INDIA @ICMRDELHI @narendramodi,2020-04-23 00:54:09+00:00,#COVID19 #healthcare #bankers #cleaningservice
167,shubjob,#kolkata under #corona #virus #covid19 #Lockdown #Drone footage #calcutta #india #bengali #bangla https://youtu.be/JJQDJBN0IGw The City of Joy is called so for more reasons than one. Kolkata celebrates the idea of‚Ä¶ https://www.instagram.com/p/B_RryfUB66e/?igshid=upogfr5ixvkk,2020-04-22 08:23:52+00:00,#kolkata #corona #virus #covid19 #Lockdown #Drone #calcutta #india #bengali #bangla
168,rajsahaofficial,Stay Home Stay Lives... Lyrics and composition by honorable CM Mamata Banerjee. ‡¶∏‡¶¨‡¶æ‡¶á ‡¶∏‡ßÅ‡¶∏‡ßç‡¶• ‡¶•‡¶æ‡¶ï‡ßÅ‡¶® ‡¶≠‡¶æ‡¶≤‡ßã ‡¶•‡¶æ‡¶ï‡ßÅ‡¶®‡•§ Issued in Public Interest by Government of West Bengal #StayHomeStaySafe #WeCareWeDare #WestBengal #CoronavirusCrisis #COVID19 #lockdown #Fightagainstcoronavirus,2020-04-22 08:12:19+00:00,#StayHomeStaySafe #WeCareWeDare #WestBengal #CoronavirusCrisis #COVID19 #lockdown #Fightagainstcoronavirus
169,arijitsxc,Right behind u sir @bajaj_ltd #Covid_19 #COVID19 #coronavirus #coronaupdatesindia #Lockdown2withoutPlan #Lockdown #COVIDIOTS,2020-04-22 05:32:43+00:00,#Covid_19 #COVID19 #coronavirus #coronaupdatesindia #Lockdown2withoutPlan #Lockdown #COVIDIOTS
170,SharoddathSur,Lockdown in our Locality.. #lockdown2020 #covid19 #india @Barasat https://www.instagram.com/p/B_PsLfzgGUJ/?igshid=e643ht24my88,2020-04-21 13:48:47+00:00,#lockdown2020 #covid19 #india
171,LnmeenaSamleti,#COVID19 | #Rajasthan ‡§Æ‡•á‡§Ç ‡§ï‡•ã‡§∞‡•ã‡§®‡§æ ‡§™‡§∞ ‡§∏‡•Ä‡§è‡§Æ @ashokgehlot51 ‡§π‡•ã ‡§∞‡§π‡•á ‡§π‡•à ‡§™‡§§‡•ç‡§∞‡§ï‡§æ‡§∞‡•ã‡§Ç ‡§∏‡•á ‡§∞‡•Ç‡§¨‡§∞‡•Ç '‡§∞‡•à‡§™‡§ø‡§° ‡§ü‡•á‡§∏‡•ç‡§ü ‡§ï‡§æ ‡§´‡•à‡§≤ ‡§π‡•ã‡§®‡§æ ‡§¨‡•á‡§π‡§¶ ‡§ö‡§ø‡§Ç‡§§‡§æ‡§ú‡§®‡§ï' #CoronaVirus #RajasthanCoronaUpdate #Lockdown #ModifiedLockdown @PMOIndia @RajCMO @MoHFW_INDIA @HMOIndia @DrHVoffice @RaghusharmaINC,2020-04-21 13:06:30+00:00,#COVID19 #Rajasthan #CoronaVirus #RajasthanCoronaUpdate #Lockdown #ModifiedLockdown
172,titask9,"With the earth in lockdown and the impending hospital duty in a day's time with #covid19 threat looming large, soothing melody is all I crave for....... #cover #tollywood‚Ä¶ https://www.instagram.com/p/B_PR-H4DSwNSbxl_mIhVI3BivhJLES8a6RUPao0/?igshid=ou6s9lnly6aj",2020-04-21 10:00:50+00:00,#covid19 #cover #tollywood
173,titask9,"With the earth in lockdown and the impending hospital duty in a day's time with #covid19 threat looming large, soothing melody is all I crave for....... #cover #tollywood‚Ä¶ https://www.instagram.com/p/B_PRObAjBTze1cj8obYcShz4eb5cDXLbtUXjp40/?igshid=plloykialjwo",2020-04-21 09:54:16+00:00,#covid19 #cover #tollywood
174,agarwal_navin,Alert- old pic #barbet following #lockdown as per government orders. #covid #coviÃád19 #lockdown2020 #barbetsofinstagram #kolkata #centralpark #birdsofinstagram #saltlakecity #saltlake #calcutta #naturephotography‚Ä¶ https://www.instagram.com/p/B_O7kYqHo0o/?igshid=q61f678snv9f,2020-04-21 06:44:00+00:00,#barbet #lockdown #covid #covi #lockdown2020 #barbetsofinstagram #kolkata #centralpark #birdsofinstagram #saltlakecity #saltlake #calcutta #naturephotography
175,Soumyareporting,#BREAKING West Bengal Chief Minister Mamata Banerjee @MamataOfficial writes to PM Narendra Modi @narendramodi alleging that the Central teams ( IMCTs) were sent to Bengal without prior intimation &amp; was a breach of protocol. @DeccanHerald #lockdown #COVID19 #Corona,2020-04-20 13:51:28+00:00,#BREAKING #lockdown #COVID19 #Corona
176,mamoonraman678,"Look before you leap. Lockdown &amp; social distancing are two major factors to combat Covid19 pandamic.. After lockdown is relaxed, social distancing will function untill medicines are made available in the market. Defiants follow temporary short hort run measures of govt.",2020-04-20 07:23:44+00:00,
177,zauquewar,Lace up everyone #COVID19 #lockdown #day24oflockdown #okcbombing #simi #Kuwait #Trump #Telangana,2020-04-19 20:03:52+00:00,#COVID19 #lockdown #day24oflockdown #okcbombing #simi #Kuwait #Trump #Telangana
178,zauquewar,Stuck between overthinking nd overthinking #lockdown #TwitterTrends #sundayvibes #Trending #tweetoftheday #OverThinking #COVID19,2020-04-19 19:56:40+00:00,#lockdown #TwitterTrends #sundayvibes #Trending #tweetoftheday #OverThinking #COVID19
179,abhishekmaitraa,"Watching Peter McKinnon video... @petermckinnon #lockdown #india #kolkata #coviÃád19 #coronavirus #stayhomestaysafe @Belgharia, West Bengal, India https://www.instagram.com/p/B_Kkwpcglja/?igshid=1w16yhjwxx0cw",2020-04-19 14:07:46+00:00,#lockdown #india #kolkata #covi #coronavirus #stayhomestaysafe
180,Ravipra70338031,Welcome PM Sri Narendra Modi Lockdown 3may of Wonderful Day 17Mayko loockout Yes okay Covid19!! ,2020-04-19 13:34:14+00:00,
181,danceratnadutta,"Hatsoff to our honorable #PrimeMinister Shri @narendramodi, a true leader of the #nation. Hope and strength to all #Indians.#Switzerland expresses solidarity with #India in its fight against #COVID19. Swiss mountain of #Matterhorn lit in tricolour.Thank you.#lockdown #pmo",2020-04-19 12:34:54+00:00,#PrimeMinister #nation #Indians #Switzerland #India #COVID19 #Matterhorn #lockdown #pmo
182,CAJITESHCHANDAK,#coronavirus #lockdown #Covid_19india @ZeeNews @WHO #StaySafe #CoronaBengal Corona Virus generated Covid19 disease is a pandamic having domino effect explained by a 7 year old kid Master Priyansh Chandak please look video. ,2020-04-19 12:07:31+00:00,#coronavirus #lockdown #Covid_19india #StaySafe #CoronaBengal
183,aitakolkata,This #lockdown Join Our #virtualclassroom Program and get 25% OFF. +919830881440 | +919830036810 #StayatHome #StayHome #BeSafe #LockdownLearning #coronavirus #COVID19 #onlinelearning #OnlineCourses #onlinetraining #virtualclassroom #AWS #Azure #Java #Python #LearnFromHome,2020-04-18 14:27:17+00:00,#lockdown #virtualclassroom #StayatHome #StayatHome #StayHome #StayHome #BeSafe #LockdownLearning #coronavirus #COVID19 #onlinelearning #OnlineCourses #onlinetraining #virtualclassroom #AWS #Azure #Java #Python #LearnFromHome
184,SrimantiG,Results of lockdown should turnout positive &amp; no more cases of covid19 positives. This will end the lockdown. Hope for the best.,2020-04-18 14:13:11+00:00,
185,mindflayer_309,History will remember that this govt put the lives of 1.3billion people at stake just to topple down MP by delaying the lockdown.. These party can go to any extent just to gain power.. #corona #covid19 #indiafightscorona #TestKaroNa @RubikaLiyaquat @AMISHDEVGAN @abhisar_sharma,2020-04-18 11:49:46+00:00,#corona #covid19 #indiafightscorona #TestKaroNa
186,sdeepayan,"#COVID19Lockdown: #HowrahCityPolice arrested 215 persons &amp; seized 8 four-wheelers, 1 auto &amp; 37 motorcycles till 1200 hrs today in #Howrah city area, which has already been declared as a #COVID19 #RedZone, for deliberately violating #CoronavirusLockdown. #COVID19outbreak",2020-04-18 10:12:31+00:00,#COVID19Lockdown #HowrahCityPolice #Howrah #COVID19 #RedZone #CoronavirusLockdown #COVID19outbreak
187,alokejoshi,Had he died in 1. #Italy - Definitely #COVID19 2. #USA- We will not lockdown.. economy will be hit. This is #ChineseVirus19 3. #China - Definitely not Covid19.. 4. #Pakistan - @ImranKhanPTI (Sob..sob.sob) 5. #Bengal - Let the panel decide.. till then .. it is not #Covid19,2020-04-18 02:28:44+00:00,#Italy #COVID19 #USA #ChineseVirus19 #China #Pakistan #Bengal #Covid19
188,tilaksaha,Make in India. Made in Israel. 9th April 2020. #social #design #ArtistOnTwitter #artworkoftheday #kolkata #westbengal #india #fight #against #covid19 #corona #socialdistancing #StayAtHome #staysafe #contemporaryart #watercolour #lockdown #political #makeinindia #MadeinIsrael,2020-04-17 16:45:34+00:00,#social #design #ArtistOnTwitter #artworkoftheday #kolkata #westbengal #india #fight #against #covid19 #corona #socialdistancing #StayAtHome #StayAtHome #staysafe #contemporaryart #watercolour #lockdown #political #makeinindia #MadeinIsrael
189,sircar1981,Chaos....#CoronaUpdatesInIndia #thursdaymorning #lockdown #COVID19 ,2020-04-16 08:36:40+00:00,#CoronaUpdatesInIndia #thursdaymorning #lockdown #COVID19
190,piyamamtiyas,‡¶õ‡ßã‡¶≤‡¶æ‡¶∞ ‡¶ò‡ßÅ‡¶ó‡¶®‡ßÄ #covidindia #lockdown #Covid_19 #COVID #StayHomeSaveLives #COVID19 #coronavirus #Lockdown2 #cookinginquarantine #Cooking #StayHomeSaveLives #StayHomeChallenge #cookingathome #CookingInTheTimeOfCorona #Chhole #Bengali_Cuisine #Bengali_dish ‚Äì at Godrej Prakriti,2020-04-15 19:14:27+00:00,#covidindia #lockdown #Covid_19 #COVID #StayHomeSaveLives #COVID19 #coronavirus #Lockdown2 #cookinginquarantine #Cooking #StayHomeSaveLives #StayHomeChallenge #StayHomeChallenge #cookingathome #CookingInTheTimeOfCorona #Chhole #Bengali_Cuisine #Bengali_dish
191,sdeepayan,#CoronavirusLockdown: #KolkataPolice arrest 488 persons &amp; seize 93 vehicles since morning till 2000 hrs on Wednesday (Apr 15) for deliberately violating #Covid19Lockdown. #COVID19outbreak #StayHomeStaySafe,2020-04-15 16:35:52+00:00,#CoronavirusLockdown #KolkataPolice #Covid19Lockdown #COVID19outbreak #StayHomeStaySafe
192,piyamamtiyas,‡¶°‡¶æ‡¶≤ ‡¶ö‡¶ö‡ßç‡¶ö‡¶∞‡ßÄ #Lockdown2 #StayHome #StayHomeStaySafe #Cooking #Bengalicuisine #bengalidish #COVID19 #lockdown ‚Äì at Godrej Prakriti,2020-04-15 07:03:27+00:00,#Lockdown2 #StayHome #StayHome #StayHomeStaySafe #Cooking #Bengalicuisine #bengalidish #COVID19 #lockdown
193,rupamksaha,#meme #stayhome #coronavirus #quarantine #sick #covid19 #staysafe #covid_19 #stupid #lockdown #covid #virus #irvine #covƒ±d19 #washyourhands #3dmodeling #coronamemes #prevention #coronav√≠rus #wuhan‚Ä¶ https://www.instagram.com/p/B-_gnUAnue1/?igshid=ej1ui3hnpmvv,2020-04-15 06:59:56+00:00,#meme #stayhome #stayhome #coronavirus #quarantine #sick #covid19 #staysafe #covid_19 #stupid #lockdown #covid #virus #irvine #cov #washyourhands #washyourhands #3dmodeling #coronamemes #prevention #coronav #wuhan
194,qohindustan,"Today's #coronavirus recap -1.9 million+ cases &amp; 120,000+ deaths as of 14 Apr -471,000+ recovered -India extends lockdown -IMF: economy faces worst recession since Great Depression - slowly reopen -UK #COVID19 deaths surge -1.5 billion out of school ",2020-04-15 04:37:30+00:00,#coronavirus #COVID19
195,lunaticrishi,""" last seen 3 months ago"" . . . P.S. : Shuru majburi me kiye the aab Maja aa rha hai . . . #cityofjoy #coronavid19 #coronavirus #lockdown #lockdown2020 #coviÃád19 @Kolkata - The City of Love https://www.instagram.com/p/B--eI_LHSKl/?igshid=10cz300immufd",2020-04-14 21:19:00+00:00,#cityofjoy #coronavid19 #coronavirus #lockdown #lockdown2020 #covi
196,Ravipra70338031,Happy New year Bengali Shubho Noboborsho Bhalo Thako #CAB President Avishek Dalmiya Eden Garden The Bengal Cricketers association of Wonderful Day Coronavirus plus the Best Wishes you Kolkata West Bengal India COVID19 3may lockdown you have a Good Night ji ,2020-04-14 15:56:37+00:00,#CAB
197,Souvik12121995,"Lockdown in India has been extended till May 3, however places which are not #COVID19 Hotspot, will get some relaxation compared to other places! The people living in places where the relaxation will be given, please don't take it for granted! #StayAtHome #StaySafe #SaveLives ",2020-04-14 06:48:01+00:00,#COVID19 #StayAtHome #StayAtHome #StaySafe #SaveLives
198,qohindustan,#Lockdown hurts economy but saving lives is more important: PM Modi #Lockdown2 #COVID19 #BreakingNews #CoronavirusOutbreakindia,2020-04-14 06:22:25+00:00,#Lockdown #Lockdown2 #COVID19 #BreakingNews #CoronavirusOutbreakindia
199,qohindustan,Breaking News: Lockdown extended till 3rd May 2020. PM announces the extension in his address to the nation. #COVID19 #covidindia #CoronaUpdatesInIndia #BreakingNews #Lockdownextention,2020-04-14 06:09:38+00:00,#COVID19 #covidindia #CoronaUpdatesInIndia #BreakingNews #Lockdownextention
200,staadrubaid,"Lockdown extended upto 3rd May,20 #covidindia #COVID19 LIVE | PM Modi addresses nation on plan ahead for Coronavirus lockdown https://www.thestatesman.com/india/live-pm-modi-addresses-nation-plan-ahead-coronavirus-lockdown-1502877113.html Download The Statesman official app: https://play.google.com/store/apps/details?id=com.thestatesman.news",2020-04-14 04:46:33+00:00,#covidindia #COVID19
201,qohindustan,"Over 1,900,000 #coronavirus cases have been reported worldwide, with more than 119,000 deaths . U.S. reports 581,679 cases France extends lockdown to May 11 7 states on U.S. East Coast say they will coordinate on when to reopen #COVID2019 #COVID19 ",2020-04-14 02:15:59+00:00,#coronavirus #COVID2019 #COVID19
202,DhanrajHirawat,#IndiaFightsCorona PM Modi paid gratitude to everyone fighting against COVID19 as per lockdown guidelines. The collective strength of 130 crore countrymen is helping India keep up the spirit. via NaMo App,2020-04-14 00:05:00+00:00,#IndiaFightsCorona
203,Souvik12121995,"Number of #COVID19 cases in India has crossed 10,000. 1,200+ new cases confirmed today. Highest increase in a single day as of now. A request to all my fellow Indians, follow the lockdown, don't go out unnecessarily. We can do this together. #StayAtHome #StaySafe #SaveLives ",2020-04-13 18:44:39+00:00,#COVID19 #StayAtHome #StayAtHome #StaySafe #SaveLives
204,mamoonraman678,India is performing well at this juncture of Covid19 pandamic. Action taken well in advance to combat the contagious fatal disease. Lockdown &amp; social distancing are the preventive measures have given good result to us until today. Now prevention is better than cure.,2020-04-13 18:29:48+00:00,
205,asifkhaniyc,Congress President Smt. Sonia Gandhi writes to PM Modi suggesting measures to ensure food security for people affected by the lockdown &amp; impact of #COVID19 #asifkhaniyc,2020-04-13 15:08:02+00:00,#COVID19 #asifkhaniyc
206,officialsmhaque,‡¶Ü‡¶ú ‡¶•‡ßá‡¶ï‡ßá‡¶á ‡¶∏‡¶ø‡¶≤ #COVID19 #lockdown #LockdownNow #LockdownCoronavirus ‚Äì at Howrah,2020-04-13 13:18:58+00:00,#COVID19 #lockdown #LockdownNow #LockdownCoronavirus
207,mamoonraman678,"God bestowed many duties to us. We didn't bother to embrace 50% duties. We are punished .So we are in lockdown alone to fight Covid19. Some r dying. Next w'll face economy lockdown .No job, no money ,No new years day to celebrate , no food to eat, more will die, will go alone.",2020-04-13 07:19:40+00:00,
208,mamoonraman678,"To kill Covid19, It is responsibility &amp; duty of civilians to follow strictly Lockdown ,Isolation, Social distancing&amp; Change of food habits. Defiants r inviting danger for them &amp; neighbouring, multiplies numbers(infection &amp; deaths). Govt made medicines available,wait fr vaccines.",2020-04-13 05:05:27+00:00,
209,qohindustan,#IndiaFightsCorona: Keep yourself active during the lockdown. #COVID19. #COVID2019 #CoronaOutbreak,2020-04-12 16:53:07+00:00,#IndiaFightsCorona #COVID19 #COVID2019 #CoronaOutbreak
210,MrFoodiekolkata,Staying home and staying myself safe from the COVID19 helped me go through my entire gallery and find some good pictures which i never looked back. Well today i m missing Kulfi Faluda. . Lockdown Extended and so is‚Ä¶ https://www.instagram.com/p/B-38NTsFLeR/?igshid=pvk4m4v8r2u,2020-04-12 08:27:05+00:00,
211,arghabhar,#StayHome #StayHomeStaySafe #StayHomeIndia #StaySafe #StayHomeSaveLives #StayHealthy #QuarantineLife #lockdown #coronavirusinindia #StopTheSpreadOfCorona #STOPcorona #StopTheSpreadOfCorona #COVID19outbreak #COVID19 #COVID__19,2020-04-12 05:34:04+00:00,#StayHome #StayHome #StayHomeStaySafe #StayHomeIndia #StaySafe #StayHomeSaveLives #StayHealthy #QuarantineLife #lockdown #coronavirusinindia #StopTheSpreadOfCorona #STOPcorona #StopTheSpreadOfCorona #COVID19outbreak #COVID19 #COVID__19
212,mamoonraman678,"Govt has taken action well in advance initiated with JANTA CURFEW FOLLOWED BY LOCKDOWN FOR 21DAYS to combat Covid19 pandemic. SINCE IMPACT IS VERY POSITIVE, PM HAS TAKEN ANOTHER WISE DICISION TODAY TO EXTEND LOCKDOWN PERIOD TILL 30 TH APRIL2020.We also have weapon to kill virus.",2020-04-11 17:36:10+00:00,
213,sdeepayan,#COVID19outbreak: #WestBengal seals 4 locations in #Howrah city &amp; 2 villages in #EastMedinipur's #Tamluk to contain the spread of #COVID19. WB Chief Secretary Rajiva Sinha y'day said at least 9-10 #Corona hotspots had been identified which will be under complete #lockdown soon. ,2020-04-11 08:19:19+00:00,#COVID19outbreak #WestBengal #Howrah #EastMedinipur #Tamluk #COVID19 #Corona #lockdown
214,staadrubaid,"The impact of the lockdown to contain #COVID19 has not been the same for everyone. Daily wagers are suffering immensely from the lockdown. Join our campaign, #MainBhiCOVIDWarrior along with GiveIndia and Helo Hindi to support daily wagers. Donate now: ",2020-04-11 01:34:14+00:00,#COVID19 #MainBhiCOVIDWarrior
215,SharoddathSur,Lockdown Days #lockdown #covid_19 #covid19 #barasat #indialockdown #subhosvlogs #iamtheindianbiker #selfie #nightout @Hridaypur https://www.instagram.com/p/B-z7bVLAL8T/?igshid=1jwo38i1mv1um,2020-04-10 19:03:17+00:00,#lockdown #covid_19 #covid19 #barasat #indialockdown #subhosvlogs #iamtheindianbiker #selfie #nightout
216,ArijitmINC,"Karnataka: BJP MLA from Turuvekere M Jayaram today celebrated his birthday with villagers in Gubbi taluk, Tumkur, during lockdown for prevention of COVID19 transmission. #LockdownKeDushman Why @ZeeNews silent Tonight ? @sudhirchaudhary where are you now?",2020-04-10 18:49:05+00:00,#LockdownKeDushman
217,SrimantiG,What is @MamataOfficial motive behind the discrepancies in data of covid19 cases &amp; deaths?Moreover she is loosening lockdown by opening different services1 after the other which will result in fast transmission of covid19.A massive disaster is approaching W.B for her callousness,2020-04-10 13:30:07+00:00,
218,iindrojit,"Completely flouting the countrywide lockdown, people in #Bengal's Murshidabad district had gathered at a mosque for Friday prayers today. Police rushed to the spot and cleared the area. #Covid19 #CoronaVirus #CoronaOutbreak",2020-04-10 13:07:32+00:00,#Bengal #Covid19 #CoronaVirus #CoronaOutbreak
219,MrUnexpressed,"With the current situation in Global Economy due to the Coronavirus situation, how do you think the world economy will behave once everything is back to normal? I feel the world has stopped #Covid19 #Coronavirus #Economy #Lockdown #JantaCurfew",2020-04-10 12:51:27+00:00,#Covid19 #Coronavirus #Economy #Lockdown #JantaCurfew
220,officialphalder,This is for the first time we can save the world by being at home. Stay Home || Stay Safe #TeamAROFC #Covid19 #Coronavirus #India #Lockdown @Kolkata https://www.instagram.com/p/B-zBWomBMAO/?igshid=r6mrldf9dvrz,2020-04-10 10:35:50+00:00,#TeamAROFC #Covid19 #Coronavirus #India #Lockdown
221,ShibanandaDalui,Name shibananda dalui City kolkata w.b Covid19 in lockdown So no job and no mony plz applay my gov.i was help..,2020-04-09 19:29:11+00:00,
222,SubratRanjanDa2,Bhubaneswar announced as a #COVID19 hotspot during the lockdown period . Is it a great success of luckdown ? Can any one stop spread the virus ?,2020-04-09 15:23:39+00:00,#COVID19
223,tanmoymaju,"@PMOIndia @narendramodi A suggestion to fight COVID19 more efficiently. Plzz ask states to identify COVID19 Hotspots &amp; after 14/04/20, deploy Central forces at the hotspot areas/districts to enforce strict compliance of lockdown.",2020-04-08 19:19:51+00:00,
224,iamab77,In Inn Innnnnner Peaceee !! #StaySafe #StayHome #Covid19 #coronavirus #Lockdown #Kolkata #Calcutta #shantishanti #StayStrong #Beardo #noshavelife #innerpeace @Kolkata https://www.instagram.com/p/B-uMy7fp5LV/?igshid=t5bpgls6q9c8,2020-04-08 13:39:37+00:00,#StaySafe #StayHome #StayHome #Covid19 #coronavirus #Lockdown #Kolkata #Calcutta #shantishanti #StayStrong #Beardo #noshavelife #innerpeace
225,kaushikbiswas,This is called emergency service during #COVID19 #Lockdown. #Doctor consultation by #Fortis #Hospital in #Kolkata ,2020-04-08 11:00:48+00:00,#COVID19 #Lockdown #Doctor #Fortis #Hospital #Kolkata
226,DhanrajHirawat,#IndiaFightsCorona PM Modi paid gratitude to everyone fighting against COVID19 as per lockdown guidelines. The collective strength of 130 crore countrymen is helping India keep up the spirit. via NaMo App,2020-04-08 10:57:48+00:00,#IndiaFightsCorona
227,SharoddathSur,The Biggest Full Moon of 2020 is Here. #fullmoon2020 #moon #stargazers #sky #nightsky #astrophotography #Lockdown #lockdown2020 #covid19 @Hridaypur https://www.instagram.com/p/B-sDl5RAnCz/?igshid=14z80bba6vlcp,2020-04-07 17:40:41+00:00,#fullmoon2020 #moon #stargazers #sky #nightsky #astrophotography #Lockdown #lockdown2020 #covid19
228,Saikat_Shoot,"‚ÄúThe secret of getting ahead is getting started‚Äù -Mark Twain. #dailylife #dailylifeindia #diya #9pm9minute #portrait #portraitphotography #covid19 #lockdown #homeactivity #wife #saikatphotography @Bally, Howrah https://www.instagram.com/p/B-rreWkA4CM/?igshid=160cx5r68bhz",2020-04-07 14:09:57+00:00,#dailylife #dailylifeindia #diya #9pm9minute #portrait #portraitphotography #covid19 #lockdown #homeactivity #wife #saikatphotography
229,IamShoumikDas,Need to preserve the gains of the early #LockDown imposed by #India. Please extend the lockdown by another 3 weeks at least. Save Indians. @ICMRDELHI @PMOIndia @narendramodi @icmr_nie @MoHFW_INDIA #IndiaFightsCorona #ExtendTheLockdown #StayAtHome #StayHomeSaveLives #COVID19,2020-04-07 07:57:08+00:00,#LockDown #India #IndiaFightsCorona #ExtendTheLockdown #StayAtHome #StayAtHome #StayHomeSaveLives #COVID19
230,vgtg11,""" Economy can recover, lives can't "" My appeal to PM @narendramodi to extend covid19 lockdown, in more effective way",2020-04-07 06:06:53+00:00,
231,iamab77,Riddhi says enough of studies... now IF YOU SMELL .. RIDDHI IS COOKING #Lockdown #Lockdown2020 #Covid19 #CironaVirus #StayatHome #StaySafe #NoStudies #Cooking #ifyousmellwhattherockiscooking #masterchefjunior‚Ä¶ https://www.instagram.com/p/B-qxWyHJsep/?igshid=cswewzwk452u,2020-04-07 05:48:09+00:00,#Lockdown #Lockdown2020 #Covid19 #CironaVirus #StayatHome #StayatHome #StaySafe #NoStudies #Cooking #ifyousmellwhattherockiscooking #masterchefjunior
232,Soumyareporting,#BREAKING Bengal Imams Association urges people to to stay indoors on Shab- e- Barat and abide by the lockdown in view of #COVID19 outbreak. @DeccanHerald #CoronavirusOutbreakindia,2020-04-06 09:40:07+00:00,#BREAKING #COVID19 #CoronavirusOutbreakindia
233,drlinkan1,@Grofers delivered me rotten Onion.. never buy vegetables from Grofers. #lockdowneffect #Lockdown #COVID19 ‚Äì at KPC Medical College &amp; Hospital,2020-04-06 08:49:10+00:00,#lockdowneffect #Lockdown #COVID19
234,Sujan_Speak,"UN secy gen also advising test, test & test. Testing along with #lockdown essential in fighting #COVID19outbreak. India's performance in testing is very low &amp; #WB the lowest with Only 1k tests while quarantine is 54k. Attempt in hiding facts and #COVID19 figures @MamataOfficial?",2020-04-06 06:50:36+00:00,#lockdown #COVID19outbreak #WB #COVID19
235,SubratRanjanDa2,Is this not a violation action for lockdown? Are they doing this for break the chain of social distances? Is this a blindspot of Puri Govt ? #Covid_19india #COVID19 #lockdown #OdishaLockdown @balwantskalewa7 @IPR_Odisha @Puri_Official @odisha_police @otvnews @HFWOdisha @SPPuri1,2020-04-04 17:54:55+00:00,#Covid_19india #COVID19 #lockdown #OdishaLockdown
236,arpan_aitc,#lockdown #kolkata #COVID19 #COVID2019 #COVID #covid_19 #coronavirusitalianews #coronafight #BengalFightsCorona #streetphotography #streetsofkolkata #COVID2019 #COVID19outbreak #COVID19Pandemic #covidindia #CoronaLockdown #BGM,2020-04-04 17:35:47+00:00,#lockdown #kolkata #COVID19 #COVID2019 #COVID #covid_19 #coronavirusitalianews #coronafight #BengalFightsCorona #streetphotography #streetsofkolkata #COVID2019 #COVID19outbreak #COVID19Pandemic #covidindia #CoronaLockdown #BGM
237,arpan_aitc,#lockdown #kolkata #COVID19 #COVID2019 #COVID #covid_19 #coronavirusitalianews #coronafight #BengalFightsCorona #streetphotography #streetsofkolkata #COVID2019 #COVID19outbreak #COVID19Pandemic #covidindia #CoronaLockdown #BGM,2020-04-04 17:35:36+00:00,#lockdown #kolkata #COVID19 #COVID2019 #COVID #covid_19 #coronavirusitalianews #coronafight #BengalFightsCorona #streetphotography #streetsofkolkata #COVID2019 #COVID19outbreak #COVID19Pandemic #covidindia #CoronaLockdown #BGM
238,AnkeePal,#COVID19 #salute all #policeofficers THEY are real heroes ......work day to night to safe peoples from the #Corona and not to gather all during ..#lockdown in #India &amp; #World other #Countries Also they supply meal to poors... #Godblessthem,2020-04-04 16:17:12+00:00,#COVID19 #salute #policeofficers #Corona #lockdown #India #World #Countries #Godblessthem
239,SandipGhose,"The 3 weeks #lockdown - to my understanding is to get an administrative control over the situation. Isolate hotspots, regulate indiscriminate movement, get testing infrastructure in place etc. This will be followed by a phased relaxation to restore economic activity. #COVID19",2020-04-04 14:29:08+00:00,#lockdown #COVID19
240,heritagewalkcal,Thank you @ug_cal for writing about @heritagewalkcal‚Äôs efforts to keep our engagement and #heritage #outreach up during the #COVID19 #lockdown via daily #LockdownTrivia and weekly #StupidHistoryPod #podcast.,2020-04-03 03:30:53+00:00,#heritage #outreach #COVID19 #lockdown #LockdownTrivia #StupidHistoryPod #podcast
241,soumyaparhi,@Naveen_Odisha @skilledinodisha @CMO_Odisha it‚Äôs most likely the #COVID19 lockdown by center will end on 14-Apr-2020. I request not to allow this relaxation applied in #Odisha to ensure our best .,2020-04-03 02:12:49+00:00,#COVID19 #Odisha
242,krisbanerjee,Lockdown supply run... #covid19 #lockdown @Kolkata https://www.instagram.com/p/B-eCm62nkI3/?igshid=hghtgj8me43e,2020-04-02 07:17:57+00:00,#covid19 #lockdown
0,DipaRudraGhose,#lockdownindia #lockdown #COVID19 #Coronavirustruth,2020-03-31 16:54:30+00:00,#lockdownindia #lockdown #COVID19 #Coronavirustruth
1,APURBAROYCHOWDH,"Lockdown, social distancing and quaranting programmes can only save lives &amp; save others from being infected with covid 19 . These measures have so far been proven successful bringing down the death rate &amp; the spread of new infection rate from covid19. ",2020-03-31 15:20:09+00:00,
2,dcfrombc,Truly inspirational work by our colleagues in #BritishDeputyHighCommission #Kolkata in supporting repatriation of UK citizens in the time of #COVID19 #lockdown &amp; under v difficult circumstances. @UKinKolkata @NickDLow,2020-03-31 09:21:30+00:00,#BritishDeputyHighCommission #Kolkata #COVID19 #lockdown
3,bs_diagnostic,WE ARE OPEN AT YOUR SERVICE IN THESE 21 DAYS OF LOCKDOWN PERIOD.. #StayHomeStaySafe #covid19 #Bsdiagnostic #nablaccredited #mri #pathology #radiology #fightback,2020-03-31 08:13:15+00:00,#StayHomeStaySafe #covid19 #Bsdiagnostic #nablaccredited #mri #pathology #radiology #fightback
4,ianabil,"If we can put humans on the Moon, can't we beat a virus? Indeed we will get through this together. We always live riding on hopes. #staystrong #stayhome #stayhealthy #covid19 #BeatTheVirus #lockdown #Believe",2020-03-31 07:31:49+00:00,#staystrong #stayhome #stayhome #stayhealthy #covid19 #BeatTheVirus #lockdown #Believe
5,sircar1981,https://youtu.be/rgbkni6edn4 WAYS TO KEEP YOURSELF IN SHAPE NOW #lockdown #BhulaDunga50M #MondayMotivaton #mondaythoughts #StayHome #ShehnaaziansRespectSid #PoliceBrutality #StayHome #Covid_19 #COVID19,2020-03-30 17:53:04+00:00,#lockdown #BhulaDunga50M #MondayMotivaton #mondaythoughts #StayHome #StayHome #ShehnaaziansRespectSid #PoliceBrutality #StayHome #StayHome #Covid_19 #COVID19
6,SkMajidAli,"@narendramodi @PMOIndia @MoHFW_INDIA @COVID19 Presently we are in stage 2 and the number of cases are expected to be increase in next few days, request you to please assure total lockdown of all states by imposing curfew wherever it's needed so that we can save our Nation",2020-03-30 17:24:07+00:00,
7,ani1967,"Sir, if you noticed that the period of lock down in UP there are reports on attests of Anty CAA protesrers, alongwith spraying on migrated workers, in Surat migrated worker are arested It's may appear that starting of lockdown may turns to bulldozing to combat Covid19! Be alert!",2020-03-30 15:31:31+00:00,
8,AnkeePal,#COVID19 Why corona virus more dengerous for INDIA ! ____________U KNOW ? let'ssee https://www.facebook.com/himadri.el/videos/736605946870895/ Pls maintain lockdown in INDIA‡•§ #besafe #maintain_lockdown #SocialDistance #takecare #GodBless from_ #Kolkata,2020-03-30 12:42:19+00:00,#COVID19 #besafe #maintain_lockdown #SocialDistance #takecare #GodBless #Kolkata
9,SauravGond,@EdelweissFin @EdelweissAMC Dear bank please clarify the announcement of RBI on moratorium of EMI on next three months. Is it applicable to my loan? It is almost next to impossible to pay emi during this lockdown period due to covid19. Loan Ac: LKOLECA0000079131. Mob: 9748582242,2020-03-30 10:52:56+00:00,
10,ShibajiP,The best thing I have seen in this time of COVID19 Lockdown ‡§è‡§ï ‡§™‡•ç‡§Ø‡§æ‡§∞ ‡§ï‡§æ ‡§®‡§ó‡§Æ‡§æ ‡§π‡•à‡§Ç @SuvonkarB ...,2020-03-30 10:47:50+00:00,
11,APURBAROYCHOWDH,"Until or unless offenders are sent to the detention centre for violating lockdown rules , the authorities will not be able to succeed to contain the spread of covid19. It is incomprehensible why some of the people are still ignoring government's advice . ",2020-03-30 10:18:09+00:00,
12,APURBAROYCHOWDH,To Everybody : Lockdown is the only action that can prevent people from dying from covid19. If you are staying outdoor you are not only risking your life but others as well. You are unwelcome to do so. This is now punishable offence in many countries. ,2020-03-30 07:14:23+00:00,
13,APURBAROYCHOWDH,"Trump finally agrees his health expert Dr.Faucci's prediction that covid19 will have claimed 100,000 American lives.He even says he will be happy if the prediction is right. Trump now says lockdown until 30 April 2020 is necessary to save lives. https://www.theguardian.com/world/2020/mar/30/trump-says-keeping-us-covid-19-deaths-to-100000-would-be-a-very-good-job?CMP=share_btn_tw",2020-03-30 06:43:33+00:00,
14,SandipGhose,#WorkFromHome What you show the world and what you actually do. #DAY6 #lockdown #Lockdown21 #COVID19 ,2020-03-30 06:27:18+00:00,#WorkFromHome #DAY6 #lockdown #Lockdown21 #COVID19
15,APURBAROYCHOWDH,"If lockdown measures are not implemented in US for 1 month, then prediction made of 100,000 deaths from covid19 could possibly come true. Every American must be asked to stay at home for 1 month without exception to save lives from covid19. ",2020-03-29 19:48:28+00:00,
16,APURBAROYCHOWDH,"Lockdown is the only appropriate measure to save lives from covid 19. Everyone must obey each &amp; every lockdown measure to save themselves from covid19.If anyone is found violating temporary lockdown laws, they must be sent to detention centre for 2 weeks. ",2020-03-29 19:27:12+00:00,
17,Rajdeepmadeeasy,This is a short video I thought I should do due to the present lockdown situation for the #COVID19 pandemic. ,2020-03-28 17:33:44+00:00,#COVID19
18,soumyaparhi,2. After #COVID19 (#CHINAVIRUS) we will try to enforce some type of #lockdown or #JantaCurfew to allow the environment to heal .,2020-03-28 16:36:34+00:00,#COVID19 #CHINAVIRUS #lockdown #JantaCurfew
19,Sujan_Speak,"It is evident that #Lockdown won't help us much unless testing scenario changes drastically. It will only put poor people in a more difficult situation. In #COVID19, testing in #India ranks low &amp; #WB least among others. Tragedy indeed! It is urgent @narendramodi, @MamataOfficial.",2020-03-28 15:52:28+00:00,#Lockdown #COVID19 #India #WB
20,piyamamtiyas,"‡¶≠‡¶æ‡¶∞‡¶§‡¶¨‡¶∞‡ßç‡¶∑‡ßá‡¶∞ ‡¶ï‡¶∞‡ßã‡¶®‡¶æ ‡¶Ü‡¶ï‡ßç‡¶∞‡¶æ‡¶®‡ßç‡¶§, ‡¶ö‡¶∞‡¶Æ ‡¶∏‡ßç‡¶¨‡¶æ‡¶∞‡ßç‡¶•‡¶™‡¶∞, ‡¶ï‡¶ø‡¶õ‡ßÅ ‡¶¨‡¶∞‡ßç‡¶¨‡¶∞ ‡¶ï‡ßá ‡¶¶‡ßá‡¶ñ‡ßá ‡¶Æ‡¶®‡ßá ‡¶π‡¶ö‡ßç‡¶õ‡ßá, ‡¶ï‡¶ø‡¶Æ ‡¶ú‡¶Ç ‡¶â‡¶®-‡¶è‡¶∞ ‡¶Æ‡¶§‡ßã ‡¶è‡¶¶‡ßá‡¶∞ ‡¶ö‡¶ø‡¶ï‡¶ø‡ßé‡¶∏‡¶æ ‡¶®‡¶æ ‡¶ï‡¶∞‡¶ø‡¶Ø‡¶º‡ßá, ‡¶ó‡ßÅ‡¶≤‡¶ø ‡¶ï‡¶∞‡ßá ‡¶Æ‡¶æ‡¶∞‡¶≤‡ßá ‡¶¨‡ßá‡¶∂‡ßÄ ‡¶∂‡¶æ‡¶®‡ßç‡¶§‡¶ø ‡¶™‡¶æ‡¶ì‡¶Ø‡¶º‡¶æ ‡¶Ø‡¶æ‡¶¨‡ßá | #Covid19India #CoronaUpdate #lockdown #COVID19",2020-03-28 15:49:52+00:00,#Covid19India #CoronaUpdate #lockdown #COVID19
21,ShortThirdMan,"On the 65th anniversary of the lowest innings score ever in Test cricket, take a look at other major records that have stood for at least 50 years #COVID19 #Lockdown #StayHome #StaySafe",2020-03-28 15:20:57+00:00,#COVID19 #Lockdown #StayHome #StayHome #StaySafe
22,reachdebjani,"What all do you find in your kitchen larder if you look hard ..Alu ke Papad from Banaras gifted by a friend two months ago, who had recently gone there.. #lockdown #Covid19 ",2020-03-28 10:57:26+00:00,#lockdown #Covid19
23,oxfordbookstore,Let us all keep a #positive attitude during the lockdown. Tell us in the comments below how you are coping up with the lockdown. #SocialDistancing #COVID19 #StaySafe #OxfordBookstore,2020-03-28 09:16:14+00:00,#positive #SocialDistancing #COVID19 #StaySafe #OxfordBookstore
24,SharoddathSur,Ambience #startup #warmup #Lockdown #covid19 #barasat #hyundai @Hridaypur https://www.instagram.com/p/B-PzdkSg94g/?igshid=1cv7asxsxw6mh,2020-03-27 18:21:13+00:00,#startup #warmup #Lockdown #covid19 #barasat #hyundai
25,SUDAMGHOSH10,"While all eyeballs are focussed on #Covid19, Barkha pl focus on scarcity of life saving implants, drugs, etc at hospitals due to lockdown. Emergency patients're running the risk due to supply chain bottlenecks. OPD's closed &amp; IPD's at low scale. Health catastrophe looming.",2020-03-27 18:04:17+00:00,#Covid19
26,APURBAROYCHOWDH,More than 5 percent covid19 patients(769 out of 14579) have died . Stay Home &amp; Save Lives. Lockdown is the only measure which can contain the spread of covid19. China must pay 1 trillion dollars to WHO for the damage they caused to mankind. ,2020-03-27 16:31:52+00:00,
27,Rajsinghtwit,#Covid19WESTBENGAL strange to #find so called #bigshots #Celebrities of #Bangbhoomi ? #where are they ? #R all of #them #safe &amp; #lockdown with their #lifes ?#why ? Is it not their #CALL ? #ONLY #administracion #Didi is their #for #Bangbhoomi #lifes ? #why #silent #yes #Covid19 ,2020-03-27 13:46:54+00:00,#Covid19WESTBENGAL #find #bigshots #Celebrities #Bangbhoomi #where #R #them #safe #lockdown #lifes #why #CALL #ONLY #administracion #Didi #for #Bangbhoomi #lifes #why #silent #yes #Covid19
28,APURBAROYCHOWDH,Trump's impatience on re-opening economic activities in the US will only increase the number of deaths disproportionately & unmitigated suffering of the larger number of people in US. Lockdown is the only sensible measure dealing effectively with covid19. ,2020-03-27 06:52:37+00:00,
29,insdkolkata,India Lockdown. Unlock Creativity. #coronamemes #coronameme #covid_19 #covƒ±d19 #corona #insdkolkata @INSD Kolkata - International School of Design https://www.instagram.com/p/B-Oj2JSn3HA/?igshid=1uae5157nyjpg,2020-03-27 06:45:19+00:00,#coronamemes #coronameme #covid_19 #cov #corona #insdkolkata
30,sanjoyghoshcal,"They waited. The waited for the lockdown, to BLOSSOM. Now, here they are.... more to come. Happy Lockdown !! We FIGHT, by staying at home. We'll WIN, by following official orders and health directives. #IndiaFightsCorona #COVID19 ",2020-03-27 04:50:56+00:00,#IndiaFightsCorona #COVID19
31,soumantyak,Its time to STAND TOGETHER fight against COVID19 SUPPORT LOCKDOWN STAY HOME STAY SAFE ‚Äì at Uttarpara,2020-03-27 03:47:01+00:00,
32,iSubhashChSingh,Stay at Home! We can't... On duty with my team to maintain essential water supply system during this LockDown. #Lockdown21 #StayAtHomeSaveLives #IndiaFightCoronaVirus #Covid19 #BengalFightsCorona #ElectrosteelFightsCorona #Electrosteel,2020-03-26 11:31:33+00:00,#Lockdown21 #StayAtHomeSaveLives #StayAtHomeSaveLives #IndiaFightCoronaVirus #Covid19 #BengalFightsCorona #ElectrosteelFightsCorona #Electrosteel
33,skm_software,Stay home stay safe #CoronaVillains #CoronavirusLockdown #CoronavirusOutbreak #Corona #CoronavirusPandemic #COVIDIOT #COVID19 #Covid_19india #COVID19KE #Lockdown21 #lockdown #VirusChines #IndiaVsCorona #india #Kolkata,2020-03-26 09:19:15+00:00,#CoronaVillains #CoronavirusLockdown #CoronavirusOutbreak #Corona #CoronavirusPandemic #COVIDIOT #COVID19 #Covid_19india #COVID19KE #Lockdown21 #lockdown #VirusChines #IndiaVsCorona #india #Kolkata
34,CommonIndividu1,#Lockdown #Dailyroutine Honest workout than HIHello Humor Groupism Conspiracies how to insult the other.. #Covid19 a pre warning for them to get them away from all these Time Killing Defamation Provocative Humilation Exploitation...games strategy #CHESSMOVES .. as 3rd Power is ‚Äì at Garia Garden,2020-03-26 06:48:38+00:00,#Lockdown #Dailyroutine #Covid19 #CHESSMOVES
35,AvikABVPIAN1,"The whole country is under lockdown to contain the spread of Corona Virus. To speak about ‚Äú#COVID19 Outbreak and Students‚Äô Concerns‚Äù, National Organising Secretary Shri @AshishSainram will be Live on Facebook today. When: Today,11 am Where: http://facebook.com/ABVPVoice",2020-03-26 06:13:09+00:00,#COVID19
36,TarunBharat_Goa,https://www.tarunbharat.com/news/792707 ‡§∏‡•å‡§∞‡§µ ‡§ó‡§æ‡§Ç‡§ó‡•Å‡§≤‡•Ä‡§ï‡§°‡•Ç‡§® ‡§ó‡§∞‡§ú‡•Ç‡§Ç‡§®‡§æ 50 ‡§≤‡§æ‡§ñ ‡§∞‡•Å‡§™‡§Ø‡§æ‡§Ç‡§ö‡•á ‡§§‡§æ‡§Ç‡§¶‡•Ç‡§≥ #tarunbharatnews #souravganguly #coronavirus #virusinindia #covid19 #help #lockdown ,2020-03-26 04:34:58+00:00,#tarunbharatnews #souravganguly #coronavirus #virusinindia #covid19 #help #lockdown
37,tbdnews,https://www.tarunbharat.com/news/792707 ‡§∏‡•å‡§∞‡§µ ‡§ó‡§æ‡§Ç‡§ó‡•Å‡§≤‡•Ä‡§ï‡§°‡•Ç‡§® ‡§ó‡§∞‡§ú‡•Ç‡§Ç‡§®‡§æ 50 ‡§≤‡§æ‡§ñ ‡§∞‡•Å‡§™‡§Ø‡§æ‡§Ç‡§ö‡•á ‡§§‡§æ‡§Ç‡§¶‡•Ç‡§≥ #tarunbharatnews #souravganguly #coronavirus #virusinindia #covid19 #help #lockdown ,2020-03-26 04:34:47+00:00,#tarunbharatnews #souravganguly #coronavirus #virusinindia #covid19 #help #lockdown
38,KOLLEO,#WestBengal #CoronaInBengal No new cases of #COVID19 in last 40Hrs. #Lockdown effect?? ,2020-03-25 15:46:44+00:00,#WestBengal #CoronaInBengal #COVID19 #Lockdown
39,art_biswajit,#LockDown #COVID19 Ctrl + s ,2020-03-25 15:20:15+00:00,#LockDown #COVID19
40,ajoydasgupta,Most efficient way2tackle d situation is2aggressively trace & test potential cases of #COVID19. Experts have said that d only reason South Korea was able to handle d crisis without imposing any lockdown was because of rampant testing. ,2020-03-24 17:20:24+00:00,#COVID19
41,inpaul84,"#NationalLockdown #StaySafeStayHome #COVID19 Lockdown in whole country for 21 days from 00hrs 25th March. There is NO other way to #preventcoronavirus, &amp; we should strictly maintain this.. otherwise very bad days are waiting for us.",2020-03-24 15:43:37+00:00,#NationalLockdown #StaySafeStayHome #COVID19 #preventcoronavirus
42,KOLLEO,In #Bengal #lockdown extended till 31st. #India's 1st #MedicalCollege which is #CalcuttaMedicalCollege now became India's 1st super speciality hospital cum medical college for #COVID19 #SpecialHospitalForCOVID19 at #Kolkata Thnx to our CM #MamataBanerjee @MamataOfficial ,2020-03-24 10:28:24+00:00,#Bengal #lockdown #India #MedicalCollege #CalcuttaMedicalCollege #COVID19 #SpecialHospitalForCOVID19 #Kolkata #MamataBanerjee
43,llakshh,What with HIM and 8 o'clock ? Bachpan mei 12 o'clock se daar lagta. Abh 8 o'clock se lagta hai ?? #Covid19 #Lockdown #Modi #ModiHaiTohMumkinHai #ModiStrikeOnCorona,2020-03-24 07:15:15+00:00,#Covid19 #Lockdown #Modi #ModiHaiTohMumkinHai #ModiStrikeOnCorona
44,ianabil,"#SocialDistancing / #lockdown is not the cure of #COVID19, but this will reduce the rate of transmission and buy countries some more time to prepare their health infrastructure, plan well, test more people and of course look for antidode. Pls help your country to help you. @WHO",2020-03-24 02:43:13+00:00,#SocialDistancing #lockdown #COVID19
45,deep9433,Some jute mill (like Rishra Welington Jute Mill)in hooghly distric are still open. Dont obey the lockDown. They are doing night shift also Please look into the matter. @WBPolice @KolkataPolice @AITCofficial @ChandannagarPC @abpanandatv @kolkata #COVID19,2020-03-23 16:08:11+00:00,#COVID19
46,llakshh,"During the lockdown period if anyone is short of food and requires a hot meal, please inbox me and I will make and pack you one. Though I am short of resources I can always fix a basic one PS:Only effort I require is for u to pick it part mid way. #Kolkata #Covid19 #LockdownNow",2020-03-23 14:56:41+00:00,#Kolkata #Covid19 #LockdownNow
47,sumitsureka,Well said @ArvindKejriwal ....lockdown now or rather wait for the situation to worsen to lockdown later #IndiaComeTogether #IndiaFightsCorona #Covid19,2020-03-23 13:59:24+00:00,#IndiaComeTogether #IndiaFightsCorona #Covid19
48,Amitava_BJP,Please.. #COVID19 #CoronaVirus #PreventCoronaVirus #COVID19MahamariNahi #coronaVirusupdate #coronaoutbreakindia #communityspread #janta_curfew #FightCoronaVirus #FightCOVID19 #lockdown ,2020-03-23 12:40:33+00:00,#COVID19 #CoronaVirus #PreventCoronaVirus #COVID19MahamariNahi #coronaVirusupdate #coronaoutbreakindia #communityspread #janta_curfew #FightCoronaVirus #FightCOVID19 #lockdown
49,mamoonraman678,Thanks to West Bengal Chief Minister MAMTA BANERJEE initiated well in advance to combat contagious FATAL COVID19. Civilians also responded well all over India on P.M Modi's call for Janta Curfew. Complete lockdown/ isolation of India for 15 days could mitigate crisis. Save India.,2020-03-23 08:20:16+00:00,
50,sanjoyghoshcal,"Hope is NOT locked down. Fight is NEVER locked down. Let's lockdown our earthly bodies at home, for some time. We shall OVERCOME, then only. Q.E.D #IndiaFightsCorona #COVID19",2020-03-23 02:33:21+00:00,#IndiaFightsCorona #COVID19
51,Dipanjan_das_IN,"Kolkata and several areas across West Bengal will be put under a lockdown from Monday 5 pm till March 27 in view of the coronavirus outbreak,according to a notification issued by the state government on Sunday. Only essential services will be allowed during the period. #COVID19 ",2020-03-22 19:05:48+00:00,#COVID19
52,KolCloudChasers,"We can only fight covid19 by staying at home, by obeying Govt. policies. . #Covid_19india #fightagainstcorona #FightAgainstCOVID19 #fightCoronavirus #StayAtHome #StaySafe #StayHomeSaveLives #lockdownindia #lockdown #Kolkatalockdown",2020-03-22 17:25:38+00:00,#Covid_19india #fightagainstcorona #FightAgainstCOVID19 #fightCoronavirus #StayAtHome #StayAtHome #StaySafe #StayHomeSaveLives #lockdownindia #lockdown #Kolkatalockdown
53,abdsa017,"By the time Sunday 22nd March comes for so called Janta curfew, India would be looking at 250+ positive cases of #Covid19.India should initiate partial lockdown. State and centre should give orders to ppl to stop moving around in places.Need actions more than the words @PMOIndia",2020-03-20 05:58:06+00:00,#Covid19
54,abdsa017,India's number of positive cases of #covid19 is increasing day by day. It's time to put atleast full lockdown in those areas who have most number of cases.Stop taking foreigners/Indians returning from any country till april.Time to contain. @PMOIndia @MoHFW_INDIA @drharshvardhan,2020-03-18 13:37:37+00:00,#covid19
55,AsmitaMalakar,https://youtu.be/MTbCmSjR-uA #macron20h #COVID19 #BoycottRoadies #CoronavirusPandemic #lockdown #SystemYaFacts #Baaghi3 #MTVRoadies #asmita #asexual trying to get #famous #follobackforfolloback,2020-03-13 01:38:43+00:00,#macron20h #COVID19 #BoycottRoadies #CoronavirusPandemic #lockdown #SystemYaFacts #Baaghi3 #MTVRoadies #asmita #asexual #famous #follobackforfolloback
